strategy,policy,variant,n,doc_hit@1,doc_hit@1_lo,doc_hit@1_hi,chunk_hit@5,chunk_hit@5_lo,chunk_hit@5_hi,answer_found@5,answer_found@5_lo,answer_found@5_hi,avg_turns,gold_in_options@3,ask_rate,missed_clarification,unnecessary_clarification
direct,always,native_brand,429,0.9766899766899767,0.9576285920668486,0.987290134328604,0.8578088578088578,0.8215789578684128,0.8876876656117926,0.8578088578088578,0.8215789578684128,0.8876876656117926,1.0512820512820513,0.7552447552447552,1.0,0.0,1.0
direct,always,native_full,429,0.9953379953379954,0.9831631843726782,0.9987205777741859,0.8717948717948718,0.8368276842279504,0.9001627160658133,0.8717948717948718,0.8368276842279504,0.9001627160658133,1.0512820512820513,1.0,1.0,0.0,1.0
direct,always,native_model,429,0.993006993006993,0.979644178363432,0.9976189543145055,0.8717948717948718,0.8368276842279504,0.9001627160658133,0.8717948717948718,0.8368276842279504,0.9001627160658133,1.0512820512820513,1.0,1.0,0.0,1.0
direct,always,native_plain,429,0.972027972027972,0.9517497067958893,0.9839277606617103,0.8601398601398601,0.8241127036536859,0.8897745492954456,0.8601398601398601,0.8241127036536859,0.8897745492954456,1.0512820512820513,0.23076923076923078,1.0,0.0,1.0
direct,classifier@0.2,native_brand,429,0.9743589743589743,0.9546748093914605,0.9856232875350657,0.8554778554778555,0.81904814859485,0.8855978454164288,0.8554778554778555,0.81904814859485,0.8855978454164288,1.048951048951049,0.7570093457943925,0.9976689976689976,0.0,0.9939759036144579
direct,classifier@0.2,native_full,429,0.9953379953379954,0.9831631843726782,0.9987205777741859,0.8717948717948718,0.8368276842279504,0.9001627160658133,0.8717948717948718,0.8368276842279504,0.9001627160658133,0.07692307692307693,1.0,0.02564102564102564,0.0,0.01647058823529412
direct,classifier@0.2,native_model,429,0.9953379953379954,0.9831631843726782,0.9987205777741859,0.8717948717948718,0.8368276842279504,0.9001627160658133,0.8717948717948718,0.8368276842279504,0.9001627160658133,0.11188811188811189,1.0,0.06060606060606061,0.0,0.026570048309178744
direct,classifier@0.2,native_plain,429,0.972027972027972,0.9517497067958893,0.9839277606617103,0.8601398601398601,0.8241127036536859,0.8897745492954456,0.8601398601398601,0.8241127036536859,0.8897745492954456,1.0512820512820513,0.23076923076923078,1.0,0.0,1.0
direct,classifier@0.5,native_brand,429,0.9743589743589743,0.9546748093914605,0.9856232875350657,0.8554778554778555,0.81904814859485,0.8855978454164288,0.8554778554778555,0.81904814859485,0.8855978454164288,1.048951048951049,0.7570093457943925,0.9976689976689976,0.0,0.9939759036144579
direct,classifier@0.5,native_full,429,0.9953379953379954,0.9831631843726782,0.9987205777741859,0.8717948717948718,0.8368276842279504,0.9001627160658133,0.8717948717948718,0.8368276842279504,0.9001627160658133,0.07692307692307693,1.0,0.02564102564102564,0.0,0.01647058823529412
direct,classifier@0.5,native_model,429,0.9953379953379954,0.9831631843726782,0.9987205777741859,0.8717948717948718,0.8368276842279504,0.9001627160658133,0.8717948717948718,0.8368276842279504,0.9001627160658133,0.11188811188811189,1.0,0.06060606060606061,0.0,0.026570048309178744
direct,classifier@0.5,native_plain,429,0.972027972027972,0.9517497067958893,0.9839277606617103,0.8601398601398601,0.8241127036536859,0.8897745492954456,0.8601398601398601,0.8241127036536859,0.8897745492954456,1.0512820512820513,0.23076923076923078,1.0,0.0,1.0
direct,classifier@0.8,native_brand,429,0.5547785547785548,0.5074698587605132,0.6011149337592575,0.5291375291375291,0.48185471933263263,0.5759031490289476,0.5804195804195804,0.5332100854368002,0.6262016312411612,0.44988344988344986,0.7671957671957672,0.4405594405594406,0.5627376425855514,0.4457831325301205
direct,classifier@0.8,native_full,429,0.9953379953379954,0.9831631843726782,0.9987205777741859,0.8717948717948718,0.8368276842279504,0.9001627160658133,0.8717948717948718,0.8368276842279504,0.9001627160658133,0.055944055944055944,1.0,0.018648018648018648,0.0,0.009411764705882352
direct,classifier@0.8,native_model,429,0.9883449883449883,0.9730101908049245,0.9950116829351601,0.8694638694638694,0.8342782978532459,0.8980914729715914,0.8694638694638694,0.8342782978532459,0.8980914729715914,0.07692307692307693,1.0,0.03496503496503497,0.5333333333333333,0.01932367149758454
direct,classifier@0.8,native_plain,429,0.5174825174825175,0.4702523536789879,0.5644023673379602,0.5291375291375291,0.48185471933263263,0.5759031490289476,0.5594405594405595,0.5121405325123088,0.6056855189453149,0.5128205128205128,0.3106796116504854,0.4801864801864802,0.5138888888888888,0.46808510638297873
direct,classifier@0.9,native_brand,429,0.2680652680652681,0.22834374046753936,0.3119036273742821,0.34965034965034963,0.3060413334177546,0.3959280658364915,0.42657342657342656,0.380627658039754,0.47382251368906386,0.002331002331002331,1.0,0.002331002331002331,0.9961977186311787,0.0
direct,classifier@0.9,native_full,429,0.9953379953379954,0.9831631843726782,0.9987205777741859,0.8717948717948718,0.8368276842279504,0.9001627160658133,0.8717948717948718,0.8368276842279504,0.9001627160658133,0.0,,0.0,1.0,0.0
direct,classifier@0.9,native_model,429,0.9836829836829837,0.9667065647956093,0.9920740500066224,0.8671328671328671,0.8317321764742199,0.8960169648816908,0.8694638694638694,0.8342782978532459,0.8980914729715914,0.0,,0.0,1.0,0.0
direct,classifier@0.9,native_plain,429,0.18414918414918416,0.1503296942794218,0.22357501268104854,0.289044289044289,0.24816967005047474,0.3336633630116844,0.351981351981352,0.30828363904162037,0.3983063896815522,0.0,,0.0,1.0,0.0
direct,name_rule,native_brand,429,0.9743589743589743,0.9546748093914605,0.9856232875350657,0.8554778554778555,0.81904814859485,0.8855978454164288,0.8554778554778555,0.81904814859485,0.8855978454164288,1.048951048951049,0.7570093457943925,0.9976689976689976,0.0,0.9939759036144579
direct,name_rule,native_full,429,0.9953379953379954,0.9831631843726782,0.9987205777741859,0.8717948717948718,0.8368276842279504,0.9001627160658133,0.8717948717948718,0.8368276842279504,0.9001627160658133,0.07692307692307693,1.0,0.02564102564102564,0.0,0.01647058823529412
direct,name_rule,native_model,429,0.9953379953379954,0.9831631843726782,0.9987205777741859,0.8717948717948718,0.8368276842279504,0.9001627160658133,0.8717948717948718,0.8368276842279504,0.9001627160658133,0.11188811188811189,1.0,0.06060606060606061,0.0,0.026570048309178744
direct,name_rule,native_plain,429,0.972027972027972,0.9517497067958893,0.9839277606617103,0.8601398601398601,0.8241127036536859,0.8897745492954456,0.8601398601398601,0.8241127036536859,0.8897745492954456,1.0512820512820513,0.23076923076923078,1.0,0.0,1.0
direct,oracle,native_brand,429,0.6899766899766899,0.6446869890179051,0.7318943126995979,0.6433566433566433,0.5969404460267994,0.6872282663121753,0.675990675990676,0.6303118486522995,0.718545676251645,0.6317016317016317,0.7604562737642585,0.6130536130536131,0.0,0.0
direct,oracle,native_full,429,0.9953379953379954,0.9831631843726782,0.9987205777741859,0.8717948717948718,0.8368276842279504,0.9001627160658133,0.8717948717948718,0.8368276842279504,0.9001627160658133,0.027972027972027972,1.0,0.009324009324009324,0.0,0.0
direct,oracle,native_model,429,0.993006993006993,0.979644178363432,0.9976189543145055,0.8694638694638694,0.8342782978532459,0.8980914729715914,0.8717948717948718,0.8368276842279504,0.9001627160658133,0.053613053613053616,1.0,0.03496503496503497,0.0,0.0
direct,oracle,native_plain,429,0.6993006993006993,0.654295902117255,0.7407679174759538,0.6573426573426573,0.611213936318992,0.7006785528335412,0.675990675990676,0.6303118486522995,0.718545676251645,0.6899766899766899,0.2534722222222222,0.6713286713286714,0.0,0.0
hierarchical,always,native_brand,429,0.9627039627039627,0.9402802768160307,0.9769146727658634,0.8508158508158508,0.8139951098408008,0.881409625232625,0.8531468531468531,0.8165202178361883,0.8835051467061641,1.0512820512820513,0.7599067599067599,1.0,0.0,1.0
hierarchical,always,native_full,429,0.9953379953379954,0.9831631843726782,0.9987205777741859,0.8717948717948718,0.8368276842279504,0.9001627160658133,0.8717948717948718,0.8368276842279504,0.9001627160658133,1.0512820512820513,1.0,1.0,0.0,1.0
hierarchical,always,native_model,429,0.993006993006993,0.979644178363432,0.9976189543145055,0.8717948717948718,0.8368276842279504,0.9001627160658133,0.8717948717948718,0.8368276842279504,0.9001627160658133,1.0512820512820513,1.0,1.0,0.0,1.0
hierarchical,always,native_plain,429,0.9696969696969697,0.9488501124038485,0.9822067255848249,0.8578088578088578,0.8215789578684128,0.8876876656117926,0.8578088578088578,0.8215789578684128,0.8876876656117926,2.023310023310023,0.41025641025641024,1.0,0.0,1.0
hierarchical,classifier@0.2,native_brand,429,0.9603729603729604,0.9374604103142197,0.975113909798748,0.8484848484848485,0.8114727709833476,0.8793113346211521,0.8508158508158508,0.8139951098408008,0.881409625232625,1.048951048951049,0.7616822429906542,0.9976689976689976,0.0,0.9939759036144579
hierarchical,classifier@0.2,native_full,429,0.9953379953379954,0.9831631843726782,0.9987205777741859,0.8717948717948718,0.8368276842279504,0.9001627160658133,0.8717948717948718,0.8368276842279504,0.9001627160658133,0.07692307692307693,1.0,0.02564102564102564,0.0,0.01647058823529412
hierarchical,classifier@0.2,native_model,429,0.9953379953379954,0.9831631843726782,0.9987205777741859,0.8717948717948718,0.8368276842279504,0.9001627160658133,0.8717948717948718,0.8368276842279504,0.9001627160658133,0.11188811188811189,1.0,0.06060606060606061,0.0,0.026570048309178744
hierarchical,classifier@0.2,native_plain,429,0.9696969696969697,0.9488501124038485,0.9822067255848249,0.8578088578088578,0.8215789578684128,0.8876876656117926,0.8578088578088578,0.8215789578684128,0.8876876656117926,2.023310023310023,0.41025641025641024,1.0,0.0,1.0
hierarchical,classifier@0.5,native_brand,429,0.9603729603729604,0.9374604103142197,0.975113909798748,0.8484848484848485,0.8114727709833476,0.8793113346211521,0.8508158508158508,0.8139951098408008,0.881409625232625,1.048951048951049,0.7616822429906542,0.9976689976689976,0.0,0.9939759036144579
hierarchical,classifier@0.5,native_full,429,0.9953379953379954,0.9831631843726782,0.9987205777741859,0.8717948717948718,0.8368276842279504,0.9001627160658133,0.8717948717948718,0.8368276842279504,0.9001627160658133,0.07692307692307693,1.0,0.02564102564102564,0.0,0.01647058823529412
hierarchical,classifier@0.5,native_model,429,0.9953379953379954,0.9831631843726782,0.9987205777741859,0.8717948717948718,0.8368276842279504,0.9001627160658133,0.8717948717948718,0.8368276842279504,0.9001627160658133,0.11188811188811189,1.0,0.06060606060606061,0.0,0.026570048309178744
hierarchical,classifier@0.5,native_plain,429,0.9696969696969697,0.9488501124038485,0.9822067255848249,0.8578088578088578,0.8215789578684128,0.8876876656117926,0.8578088578088578,0.8215789578684128,0.8876876656117926,2.023310023310023,0.41025641025641024,1.0,0.0,1.0
hierarchical,classifier@0.8,native_brand,429,0.5524475524475524,0.5051360722887867,0.5988280907620577,0.5291375291375291,0.48185471933263263,0.5759031490289476,0.5827505827505828,0.5355563919974016,0.6284759541494864,0.44988344988344986,0.7724867724867724,0.4405594405594406,0.5627376425855514,0.4457831325301205
hierarchical,classifier@0.8,native_full,429,0.9953379953379954,0.9831631843726782,0.9987205777741859,0.8717948717948718,0.8368276842279504,0.9001627160658133,0.8717948717948718,0.8368276842279504,0.9001627160658133,0.055944055944055944,1.0,0.018648018648018648,0.0,0.009411764705882352
hierarchical,classifier@0.8,native_model,429,0.9883449883449883,0.9730101908049245,0.9950116829351601,0.8694638694638694,0.8342782978532459,0.8980914729715914,0.8694638694638694,0.8342782978532459,0.8980914729715914,0.07692307692307693,1.0,0.03496503496503497,0.5333333333333333,0.01932367149758454
hierarchical,classifier@0.8,native_plain,429,0.3776223776223776,0.3330246702462239,0.42439228263513923,0.42657342657342656,0.380627658039754,0.47382251368906386,0.4731934731934732,0.42639497062791254,0.5204677904794338,0.7832167832167832,0.49514563106796117,0.4801864801864802,0.5138888888888888,0.46808510638297873
hierarchical,classifier@0.9,native_brand,429,0.2680652680652681,0.22834374046753936,0.3119036273742821,0.34965034965034963,0.3060413334177546,0.3959280658364915,0.42657342657342656,0.380627658039754,0.47382251368906386,0.002331002331002331,1.0,0.002331002331002331,0.9961977186311787,0.0
hierarchical,classifier@0.9,native_full,429,0.9953379953379954,0.9831631843726782,0.9987205777741859,0.8717948717948718,0.8368276842279504,0.9001627160658133,0.8717948717948718,0.8368276842279504,0.9001627160658133,0.0,,0.0,1.0,0.0
hierarchical,classifier@0.9,native_model,429,0.9836829836829837,0.9667065647956093,0.9920740500066224,0.8671328671328671,0.8317321764742199,0.8960169648816908,0.8694638694638694,0.8342782978532459,0.8980914729715914,0.0,,0.0,1.0,0.0
hierarchical,classifier@0.9,native_plain,429,0.18414918414918416,0.1503296942794218,0.22357501268104854,0.289044289044289,0.24816967005047474,0.3336633630116844,0.351981351981352,0.30828363904162037,0.3983063896815522,0.0,,0.0,1.0,0.0
hierarchical,name_rule,native_brand,429,0.9603729603729604,0.9374604103142197,0.975113909798748,0.8484848484848485,0.8114727709833476,0.8793113346211521,0.8508158508158508,0.8139951098408008,0.881409625232625,1.048951048951049,0.7616822429906542,0.9976689976689976,0.0,0.9939759036144579
hierarchical,name_rule,native_full,429,0.9953379953379954,0.9831631843726782,0.9987205777741859,0.8717948717948718,0.8368276842279504,0.9001627160658133,0.8717948717948718,0.8368276842279504,0.9001627160658133,0.07692307692307693,1.0,0.02564102564102564,0.0,0.01647058823529412
hierarchical,name_rule,native_model,429,0.9953379953379954,0.9831631843726782,0.9987205777741859,0.8717948717948718,0.8368276842279504,0.9001627160658133,0.8717948717948718,0.8368276842279504,0.9001627160658133,0.11188811188811189,1.0,0.06060606060606061,0.0,0.026570048309178744
hierarchical,name_rule,native_plain,429,0.9696969696969697,0.9488501124038485,0.9822067255848249,0.8578088578088578,0.8215789578684128,0.8876876656117926,0.8578088578088578,0.8215789578684128,0.8876876656117926,2.023310023310023,0.41025641025641024,1.0,0.0,1.0
hierarchical,oracle,native_brand,429,0.682983682983683,0.6374937647607524,0.7252256485499715,0.6363636363636364,0.589819332376358,0.6804874915558375,0.668997668997669,0.6231410487466187,0.7118545877505467,0.6317016317016317,0.7604562737642585,0.6130536130536131,0.0,0.0
hierarchical,oracle,native_full,429,0.9953379953379954,0.9831631843726782,0.9987205777741859,0.8717948717948718,0.8368276842279504,0.9001627160658133,0.8717948717948718,0.8368276842279504,0.9001627160658133,0.027972027972027972,1.0,0.009324009324009324,0.0,0.0
hierarchical,oracle,native_model,429,0.993006993006993,0.979644178363432,0.9976189543145055,0.8694638694638694,0.8342782978532459,0.8980914729715914,0.8717948717948718,0.8368276842279504,0.9001627160658133,0.053613053613053616,1.0,0.03496503496503497,0.0,0.0
hierarchical,oracle,native_plain,429,0.6596736596736597,0.6135969657032465,0.7029161529182131,0.634032634032634,0.58744791052748,0.6782382839357889,0.6526806526806527,0.6064514261503713,0.6961998040643091,1.2937062937062938,0.4236111111111111,0.6713286713286714,0.0,0.0
none,never,native_brand,429,0.2680652680652681,0.22834374046753936,0.3119036273742821,0.34965034965034963,0.3060413334177546,0.3959280658364915,0.42657342657342656,0.380627658039754,0.47382251368906386,0.0,,0.0,1.0,0.0
none,never,native_full,429,0.9953379953379954,0.9831631843726782,0.9987205777741859,0.8717948717948718,0.8368276842279504,0.9001627160658133,0.8717948717948718,0.8368276842279504,0.9001627160658133,0.0,,0.0,1.0,0.0
none,never,native_model,429,0.9836829836829837,0.9667065647956093,0.9920740500066224,0.8671328671328671,0.8317321764742199,0.8960169648816908,0.8694638694638694,0.8342782978532459,0.8980914729715914,0.0,,0.0,1.0,0.0
none,never,native_plain,429,0.18414918414918416,0.1503296942794218,0.22357501268104854,0.289044289044289,0.24816967005047474,0.3336633630116844,0.351981351981352,0.30828363904162037,0.3983063896815522,0.0,,0.0,1.0,0.0
