strategy,policy,n,doc_hit@1,doc_hit@1_lo,doc_hit@1_hi,chunk_hit@5,chunk_hit@5_lo,chunk_hit@5_hi,answer_found@5,answer_found@5_lo,answer_found@5_hi,avg_turns,gold_in_options@3,ask_rate,missed_clarification,unnecessary_clarification
direct,always,1716,0.9842657342657343,0.9772039996080302,0.9891641452439051,0.8653846153846154,0.8484170586398523,0.8807199170787559,0.8653846153846154,0.8484170586398523,0.8807199170787559,1.0512820512820513,0.7465034965034965,1.0,0.0,1.0
direct,classifier@0.2,1716,0.9842657342657343,0.9772039996080302,0.9891641452439051,0.8648018648018648,0.8478062792925786,0.8801677985381212,0.8648018648018648,0.8478062792925786,0.8801677985381212,0.5722610722610723,0.5145413870246085,0.5209790209790209,0.0,0.28272251308900526
direct,classifier@0.5,1716,0.9842657342657343,0.9772039996080302,0.9891641452439051,0.8648018648018648,0.8478062792925786,0.8801677985381212,0.8648018648018648,0.8478062792925786,0.8801677985381212,0.5722610722610723,0.5145413870246085,0.5209790209790209,0.0,0.28272251308900526
direct,classifier@0.8,1716,0.763986013986014,0.743319186012245,0.78347355721029,0.6998834498834499,0.6777722240843478,0.7211017514682561,0.7202797202797203,0.698568294209868,0.7410071074195322,0.2738927738927739,0.5550239234449761,0.24358974358974358,0.5333333333333333,0.13263525305410123
direct,classifier@0.9,1716,0.6078088578088578,0.5844920863029851,0.6306440229600813,0.5944055944055944,0.5709882508070293,0.617401207034142,0.62995337995338,0.6068428094830359,0.6524834195205521,0.0005827505827505828,1.0,0.0005827505827505828,0.9982456140350877,0.0
direct,name_rule,1716,0.9842657342657343,0.9772039996080302,0.9891641452439051,0.8648018648018648,0.8478062792925786,0.8801677985381212,0.8648018648018648,0.8478062792925786,0.8801677985381212,0.5722610722610723,0.5145413870246085,0.5209790209790209,0.0,0.28272251308900526
direct,oracle,1716,0.8444055944055944,0.826488310457128,0.8607843412967754,0.7604895104895105,0.7397289689031867,0.7800863869918977,0.7738927738927739,0.7535017756654551,0.793060231651524,0.3508158508158508,0.512280701754386,0.3321678321678322,0.0,0.0
hierarchical,always,1716,0.9801864801864801,0.972440907879059,0.9857869517575168,0.8630536130536131,0.8459745376599301,0.8785108465070441,0.8636363636363636,0.8465850193384838,0.879063262716399,1.2942890442890442,0.7925407925407926,1.0,0.0,1.0
hierarchical,classifier@0.2,1716,0.9801864801864801,0.972440907879059,0.9857869517575168,0.8624708624708625,0.8453641541419354,0.8779583321371305,0.8630536130536131,0.8459745376599301,0.8785108465070441,0.8152680652680653,0.6029082774049217,0.5209790209790209,0.0,0.28272251308900526
hierarchical,classifier@0.5,1716,0.9801864801864801,0.972440907879059,0.9857869517575168,0.8624708624708625,0.8453641541419354,0.8779583321371305,0.8630536130536131,0.8459745376599301,0.8785108465070441,0.8152680652680653,0.6029082774049217,0.5209790209790209,0.0,0.28272251308900526
hierarchical,classifier@0.8,1716,0.7284382284382285,0.7069017044007995,0.7489542676593193,0.6742424242424242,0.6517005571268872,0.6960059113577439,0.6993006993006993,0.677178813553073,0.7205322641116223,0.3414918414918415,0.6483253588516746,0.24358974358974358,0.5333333333333333,0.13263525305410123
hierarchical,classifier@0.9,1716,0.6078088578088578,0.5844920863029851,0.6306440229600813,0.5944055944055944,0.5709882508070293,0.617401207034142,0.62995337995338,0.6068428094830359,0.6524834195205521,0.0005827505827505828,1.0,0.0005827505827505828,0.9982456140350877,0.0
hierarchical,name_rule,1716,0.9801864801864801,0.972440907879059,0.9857869517575168,0.8624708624708625,0.8453641541419354,0.8779583321371305,0.8630536130536131,0.8459745376599301,0.8785108465070441,0.8152680652680653,0.6029082774049217,0.5209790209790209,0.0,0.28272251308900526
hierarchical,oracle,1716,0.8327505827505828,0.8143539248599089,0.8496607691358252,0.752913752913753,0.731956481656466,0.7727412016958083,0.7663170163170163,0.7457137067590229,0.7857306280151459,0.5017482517482518,0.5982456140350877,0.3321678321678322,0.0,0.0
none,never,1716,0.6078088578088578,0.5844920863029851,0.6306440229600813,0.5944055944055944,0.5709882508070293,0.617401207034142,0.62995337995338,0.6068428094830359,0.6524834195205521,0.0,,0.0,1.0,0.0
