retriever,variant,scope,n_manuals,strategy,n_questions,doc_hit@1,doc_hit@1_lo,doc_hit@1_hi,doc_hit@3,doc_hit@3_lo,doc_hit@3_hi,doc_rr,doc_rr_lo,doc_rr_hi,chunk_hit@1,chunk_hit@1_lo,chunk_hit@1_hi,chunk_hit@5,chunk_hit@5_lo,chunk_hit@5_hi,chunk_hit@10,chunk_hit@10_lo,chunk_hit@10_hi,chunk_rr@10,chunk_rr@10_lo,chunk_rr@10_hi,ndcg@10,ndcg@10_lo,ndcg@10_hi,page_hit@1,page_hit@1_lo,page_hit@1_hi,page_hit@5,page_hit@5_lo,page_hit@5_hi,doc_hit@1_lenient,doc_hit@1_lenient_lo,doc_hit@1_lenient_hi,chunk_hit@5_lenient,chunk_hit@5_lenient_lo,chunk_hit@5_lenient_hi,confusion_same_vehicle,confusion_same_vehicle_lo,confusion_same_vehicle_hi,confusion_same_brand,confusion_same_brand_lo,confusion_same_brand_hi,confusion_other_brand,confusion_other_brand_lo,confusion_other_brand_hi
bm25,native_model,global,165,,40,0.225,0.12316091323540743,0.37503096742310027,0.425,0.28509392559950375,0.5780493145800892,0.3542132713488674,0.2411156718805399,0.4779828453671176,0.175,0.0874541374603592,0.31949990331787714,0.375,0.24222979167233266,0.5296756086269889,0.425,0.28509392559950375,0.5780493145800892,0.23958333333333334,0.13041666666666668,0.3595937499999998,0.267736560936034,0.1603909349634514,0.3853542841530304,0.175,0.0874541374603592,0.31949990331787714,0.4,0.2634832568429192,0.5540410633965381,0.3,0.18074845229746528,0.45430018818144935,0.375,0.24222979167233266,0.5296756086269889,0.0,0.0,0.08762160119728664,0.075,0.025836025774588198,0.19864233524310543,0.7,0.5456998118185507,0.8192515477025347
bm25,native_model,manual,1,,40,1.0,0.9123783988027135,1.0,1.0,0.9123783988027135,1.0,1.0,0.9123783988027135,1.0,0.575,0.42195068541991065,0.7149060744004962,0.775,0.6249690325768998,0.8768390867645927,0.8,0.652426936536005,0.895000102745623,0.6535714285714286,0.51875,0.7833333333333333,0.669632247154774,0.5427356710439514,0.7897531062297987,0.6,0.44595893660346186,0.7365167431570808,0.775,0.6249690325768998,0.8768390867645927,1.0,0.9123783988027135,1.0,0.775,0.6249690325768998,0.8768390867645927,0.0,0.0,0.08762160119728664,0.0,0.0,0.08762160119728664,0.0,0.0,0.08762160119728664
bm25,native_model,tier,1,hard,40,1.0,0.9123783988027135,1.0,1.0,0.9123783988027135,1.0,1.0,0.9123783988027135,1.0,0.575,0.42195068541991065,0.7149060744004962,0.775,0.6249690325768998,0.8768390867645927,0.8,0.652426936536005,0.895000102745623,0.6535714285714286,0.51875,0.7833333333333333,0.669632247154774,0.5427356710439514,0.7897531062297987,0.6,0.44595893660346186,0.7365167431570808,0.775,0.6249690325768998,0.8768390867645927,1.0,0.9123783988027135,1.0,0.775,0.6249690325768998,0.8768390867645927,0.0,0.0,0.08762160119728664,0.0,0.0,0.08762160119728664,0.0,0.0,0.08762160119728664
bm25,native_model,tier,1,random,40,1.0,0.9123783988027135,1.0,1.0,0.9123783988027135,1.0,1.0,0.9123783988027135,1.0,0.575,0.42195068541991065,0.7149060744004962,0.775,0.6249690325768998,0.8768390867645927,0.8,0.652426936536005,0.895000102745623,0.6535714285714286,0.51875,0.7833333333333333,0.669632247154774,0.5427356710439514,0.7897531062297987,0.6,0.44595893660346186,0.7365167431570808,0.775,0.6249690325768998,0.8768390867645927,1.0,0.9123783988027135,1.0,0.775,0.6249690325768998,0.8768390867645927,0.0,0.0,0.08762160119728664,0.0,0.0,0.08762160119728664,0.0,0.0,0.08762160119728664
bm25,native_model,tier,5,hard,40,0.6375,0.5,0.775,0.9375,0.8625,1.0,0.7872916666666667,0.7004114583333334,0.8708333333333333,0.45,0.3,0.6,0.6625,0.5125,0.8,0.7625,0.625,0.8875,0.5386954365079365,0.4041103670634921,0.6722955109126983,0.5671508398731614,0.442547645224054,0.689686357054938,0.4625,0.3125,0.6125,0.6875,0.5375,0.825,0.7375,0.6125,0.8625,0.675,0.525,0.8125,0.0,0.0,0.08762160119728664,0.2875,0.1625,0.425,0.075,0.025836025774588198,0.19864233524310543
bm25,native_model,tier,5,random,40,0.725,0.6,0.8375,0.975,0.8711863103652591,0.9955731684973186,0.8472916666666667,0.774375,0.9145833333333332,0.4625,0.3125,0.6125,0.7,0.5625,0.825,0.7625,0.6375,0.8753124999999955,0.5584722222222223,0.42624565972222217,0.6901067708333333,0.584042120529682,0.4598350845382794,0.7055433588162403,0.4875,0.3375,0.6375,0.7,0.5625,0.825,0.725,0.6,0.8375,0.7125,0.575,0.8375,0.0,0.0,0.08762160119728664,0.0,0.0,0.08762160119728664,0.275,0.1625,0.4
bm25,native_model,tier,165,hard,40,0.225,0.12316091323540743,0.37503096742310027,0.425,0.28509392559950375,0.5780493145800892,0.3542132713488674,0.2411156718805399,0.4779828453671176,0.175,0.0874541374603592,0.31949990331787714,0.375,0.24222979167233266,0.5296756086269889,0.425,0.28509392559950375,0.5780493145800892,0.23958333333333334,0.13041666666666668,0.3595937499999998,0.267736560936034,0.1603909349634514,0.3853542841530304,0.175,0.0874541374603592,0.31949990331787714,0.4,0.2634832568429192,0.5540410633965381,0.3,0.18074845229746528,0.45430018818144935,0.375,0.24222979167233266,0.5296756086269889,0.0,0.0,0.08762160119728664,0.075,0.025836025774588198,0.19864233524310543,0.7,0.5456998118185507,0.8192515477025347
bm25,native_model,tier,165,random,40,0.225,0.12316091323540743,0.37503096742310027,0.425,0.28509392559950375,0.5780493145800892,0.3542132713488674,0.2411156718805399,0.4779828453671176,0.175,0.0874541374603592,0.31949990331787714,0.375,0.24222979167233266,0.5296756086269889,0.425,0.28509392559950375,0.5780493145800892,0.23958333333333334,0.13041666666666668,0.3595937499999998,0.267736560936034,0.1603909349634514,0.3853542841530304,0.175,0.0874541374603592,0.31949990331787714,0.4,0.2634832568429192,0.5540410633965381,0.3,0.18074845229746528,0.45430018818144935,0.375,0.24222979167233266,0.5296756086269889,0.0,0.0,0.08762160119728664,0.075,0.025836025774588198,0.19864233524310543,0.7,0.5456998118185507,0.8192515477025347
bm25,native_model,vehicle,1,,37,1.0,0.9059421741627975,1.0,1.0,0.9059421741627975,1.0,1.0,0.9059421741627975,1.0,0.5675675675675675,0.4091418109016808,0.7132828072284269,0.7567567567567568,0.5988270787855735,0.8663864701088361,0.7837837837837838,0.6280485160803084,0.8861348800661442,0.6457528957528957,0.5045045045045045,0.7786357786357787,0.6627357233410368,0.5293476892740787,0.7844370723687694,0.5945945945945946,0.43485964730229365,0.7365348180798572,0.7567567567567568,0.5988270787855735,0.8663864701088361,1.0,0.9059421741627975,1.0,0.7567567567567568,0.5988270787855735,0.8663864701088361,0.0,0.0,0.09405782583720251,0.0,0.0,0.09405782583720251,0.0,0.0,0.09405782583720251
bm25,native_model,vehicle,2,,3,1.0,0.4385029682449546,1.0,1.0,0.4385029682449546,1.0,1.0,0.4385029682449546,1.0,0.6666666666666666,0.2076596008020477,0.9385080552796037,1.0,0.4385029682449546,1.0,1.0,0.4385029682449546,1.0,0.75,0.25,1.0,0.7546893741908637,0.2640681225725909,1.0,0.6666666666666666,0.2076596008020477,0.9385080552796037,1.0,0.4385029682449546,1.0,1.0,0.4385029682449546,1.0,1.0,0.4385029682449546,1.0,0.0,5.551115123125783e-17,0.5614970317550454,0.0,5.551115123125783e-17,0.5614970317550454,0.0,5.551115123125783e-17,0.5614970317550454
bm25,native_plain,global,165,,40,0.225,0.12316091323540743,0.37503096742310027,0.325,0.200845022317827,0.47982253810122333,0.3187064148238684,0.20420404571626027,0.44441042915169754,0.175,0.0874541374603592,0.31949990331787714,0.35,0.2213452887317629,0.5049411916274231,0.4,0.2634832568429192,0.5540410633965381,0.23125,0.12250000000000001,0.3516666666666667,0.255236560936034,0.14697295194239918,0.3718248858272231,0.2,0.10499989725437704,0.347573063463995,0.375,0.24222979167233266,0.5296756086269889,0.275,0.16108016247667337,0.42834955806210573,0.35,0.2213452887317629,0.5049411916274231,0.0,0.0,0.08762160119728664,0.05,0.013820667386148344,0.16503877369140962,0.725,0.5716504419378943,0.8389198375233267
bm25,native_plain,manual,1,,40,1.0,0.9123783988027135,1.0,1.0,0.9123783988027135,1.0,1.0,0.9123783988027135,1.0,0.525,0.3749736210669248,0.670645298873211,0.8,0.652426936536005,0.895000102745623,0.85,0.709276756335103,0.9293881228267964,0.6373214285714285,0.5098125,0.7634032738095237,0.6800047763943228,0.5627645597742814,0.7935245871283435,0.55,0.39829091798932054,0.6929469218909508,0.85,0.709276756335103,0.9293881228267964,1.0,0.9123783988027135,1.0,0.8,0.652426936536005,0.895000102745623,0.0,0.0,0.08762160119728664,0.0,0.0,0.08762160119728664,0.0,0.0,0.08762160119728664
bm25,native_plain,tier,1,hard,40,1.0,0.9123783988027135,1.0,1.0,0.9123783988027135,1.0,1.0,0.9123783988027135,1.0,0.525,0.3749736210669248,0.670645298873211,0.8,0.652426936536005,0.895000102745623,0.85,0.709276756335103,0.9293881228267964,0.6373214285714285,0.5098125,0.7634032738095237,0.6800047763943228,0.5627645597742814,0.7935245871283435,0.55,0.39829091798932054,0.6929469218909508,0.85,0.709276756335103,0.9293881228267964,1.0,0.9123783988027135,1.0,0.8,0.652426936536005,0.895000102745623,0.0,0.0,0.08762160119728664,0.0,0.0,0.08762160119728664,0.0,0.0,0.08762160119728664
bm25,native_plain,tier,1,random,40,1.0,0.9123783988027135,1.0,1.0,0.9123783988027135,1.0,1.0,0.9123783988027135,1.0,0.525,0.3749736210669248,0.670645298873211,0.8,0.652426936536005,0.895000102745623,0.85,0.709276756335103,0.9293881228267964,0.6373214285714285,0.5098125,0.7634032738095237,0.6800047763943228,0.5627645597742814,0.7935245871283435,0.55,0.39829091798932054,0.6929469218909508,0.85,0.709276756335103,0.9293881228267964,1.0,0.9123783988027135,1.0,0.8,0.652426936536005,0.895000102745623,0.0,0.0,0.08762160119728664,0.0,0.0,0.08762160119728664,0.0,0.0,0.08762160119728664
bm25,native_plain,tier,5,hard,40,0.525,0.375,0.675,0.925,0.8375,0.9875,0.7175,0.6235416666666667,0.809171875,0.4,0.25,0.55,0.6375,0.4875,0.7875,0.775,0.6249690325768998,0.8768390867645927,0.5109424603174603,0.3815217013888889,0.6411065228174604,0.5529157520244752,0.4343215762961118,0.6715326504925372,0.425,0.275,0.575,0.6625,0.525,0.8,0.65,0.5125,0.7875,0.65,0.5125,0.7875,0.0,0.0,0.08762160119728664,0.375,0.2375,0.525,0.1,0.03957952868260638,0.23051775227522298
bm25,native_plain,tier,5,random,40,0.6625,0.5375,0.7875,0.9625,0.9,1.0,0.8129166666666666,0.7379166666666667,0.8822916666666666,0.4125,0.2746875000000028,0.5625,0.6875,0.5625,0.8125,0.7625,0.6375,0.875,0.5243204365079365,0.39895176091269846,0.6525042162698413,0.5609029004421048,0.44325123454907644,0.6790803327522307,0.4375,0.3,0.5875,0.725,0.6,0.8375,0.6625,0.5375,0.7875,0.7,0.575,0.825,0.0,0.0,0.08762160119728664,0.0,0.0,0.08762160119728664,0.3375,0.2125,0.4625
bm25,native_plain,tier,165,hard,40,0.225,0.12316091323540743,0.37503096742310027,0.325,0.200845022317827,0.47982253810122333,0.3187064148238684,0.20420404571626027,0.44441042915169754,0.175,0.0874541374603592,0.31949990331787714,0.35,0.2213452887317629,0.5049411916274231,0.4,0.2634832568429192,0.5540410633965381,0.23125,0.12250000000000001,0.3516666666666667,0.255236560936034,0.14697295194239918,0.3718248858272231,0.2,0.10499989725437704,0.347573063463995,0.375,0.24222979167233266,0.5296756086269889,0.275,0.16108016247667337,0.42834955806210573,0.35,0.2213452887317629,0.5049411916274231,0.0,0.0,0.08762160119728664,0.05,0.013820667386148344,0.16503877369140962,0.725,0.5716504419378943,0.8389198375233267
bm25,native_plain,tier,165,random,40,0.225,0.12316091323540743,0.37503096742310027,0.325,0.200845022317827,0.47982253810122333,0.3187064148238684,0.20420404571626027,0.44441042915169754,0.175,0.0874541374603592,0.31949990331787714,0.35,0.2213452887317629,0.5049411916274231,0.4,0.2634832568429192,0.5540410633965381,0.23125,0.12250000000000001,0.3516666666666667,0.255236560936034,0.14697295194239918,0.3718248858272231,0.2,0.10499989725437704,0.347573063463995,0.375,0.24222979167233266,0.5296756086269889,0.275,0.16108016247667337,0.42834955806210573,0.35,0.2213452887317629,0.5049411916274231,0.0,0.0,0.08762160119728664,0.05,0.013820667386148344,0.16503877369140962,0.725,0.5716504419378943,0.8389198375233267
bm25,native_plain,vehicle,1,,37,1.0,0.9059421741627975,1.0,1.0,0.9059421741627975,1.0,1.0,0.9059421741627975,1.0,0.5135135135135135,0.358948966656188,0.6655359569698336,0.7837837837837838,0.6280485160803084,0.8861348800661442,0.8378378378378378,0.6886351629906503,0.9234879276598885,0.6281853281853281,0.4916988416988417,0.7567631917631917,0.6739492684648736,0.5482553031945411,0.7887241897291255,0.5405405405405406,0.3838404689217949,0.6896143019562697,0.8378378378378378,0.6886351629906503,0.9234879276598885,1.0,0.9059421741627975,1.0,0.7837837837837838,0.6280485160803084,0.8861348800661442,0.0,0.0,0.09405782583720251,0.0,0.0,0.09405782583720251,0.0,0.0,0.09405782583720251
bm25,native_plain,vehicle,2,,3,1.0,0.4385029682449546,1.0,1.0,0.4385029682449546,1.0,1.0,0.4385029682449546,1.0,0.6666666666666666,0.2076596008020477,0.9385080552796037,1.0,0.4385029682449546,1.0,1.0,0.4385029682449546,1.0,0.75,0.25,1.0,0.7546893741908637,0.2640681225725909,1.0,0.6666666666666666,0.2076596008020477,0.9385080552796037,1.0,0.4385029682449546,1.0,1.0,0.4385029682449546,1.0,1.0,0.4385029682449546,1.0,0.0,5.551115123125783e-17,0.5614970317550454,0.0,5.551115123125783e-17,0.5614970317550454,0.0,5.551115123125783e-17,0.5614970317550454
bm25_stem,native_model,global,165,,40,0.225,0.12316091323540743,0.37503096742310027,0.375,0.24222979167233266,0.5296756086269889,0.3444185664988805,0.23048107644111704,0.468108173320348,0.15,0.07061187717320358,0.2907232436648971,0.3,0.18074845229746528,0.45430018818144935,0.4,0.2634832568429192,0.5540410633965381,0.21375000000000002,0.10833333333333332,0.32999999999999996,0.24565733749402904,0.136478963906717,0.3617597755497586,0.15,0.07061187717320358,0.2907232436648971,0.35,0.2213452887317629,0.5049411916274231,0.3,0.18074845229746528,0.45430018818144935,0.3,0.18074845229746528,0.45430018818144935,0.0,0.0,0.08762160119728664,0.05,0.013820667386148344,0.16503877369140962,0.725,0.5716504419378943,0.8389198375233267
bm25_stem,native_model,manual,1,,40,1.0,0.9123783988027135,1.0,1.0,0.9123783988027135,1.0,1.0,0.9123783988027135,1.0,0.525,0.3749736210669248,0.670645298873211,0.725,0.5716504419378943,0.8389198375233267,0.8,0.652426936536005,0.895000102745623,0.5971527777777779,0.4615277777777777,0.7350052083333333,0.6226654370330146,0.4960775376102921,0.745350221921534,0.575,0.42195068541991065,0.7149060744004962,0.7,0.5456998118185507,0.8192515477025347,1.0,0.9123783988027135,1.0,0.725,0.5716504419378943,0.8389198375233267,0.0,0.0,0.08762160119728664,0.0,0.0,0.08762160119728664,0.0,0.0,0.08762160119728664
bm25_stem,native_model,tier,1,hard,40,1.0,0.9123783988027135,1.0,1.0,0.9123783988027135,1.0,1.0,0.9123783988027135,1.0,0.525,0.3749736210669248,0.670645298873211,0.725,0.5716504419378943,0.8389198375233267,0.8,0.652426936536005,0.895000102745623,0.5971527777777779,0.4615277777777777,0.7350052083333333,0.6226654370330146,0.4960775376102921,0.745350221921534,0.575,0.42195068541991065,0.7149060744004962,0.7,0.5456998118185507,0.8192515477025347,1.0,0.9123783988027135,1.0,0.725,0.5716504419378943,0.8389198375233267,0.0,0.0,0.08762160119728664,0.0,0.0,0.08762160119728664,0.0,0.0,0.08762160119728664
bm25_stem,native_model,tier,1,random,40,1.0,0.9123783988027135,1.0,1.0,0.9123783988027135,1.0,1.0,0.9123783988027135,1.0,0.525,0.3749736210669248,0.670645298873211,0.725,0.5716504419378943,0.8389198375233267,0.8,0.652426936536005,0.895000102745623,0.5971527777777779,0.4615277777777777,0.7350052083333333,0.6226654370330146,0.4960775376102921,0.745350221921534,0.575,0.42195068541991065,0.7149060744004962,0.7,0.5456998118185507,0.8192515477025347,1.0,0.9123783988027135,1.0,0.725,0.5716504419378943,0.8389198375233267,0.0,0.0,0.08762160119728664,0.0,0.0,0.08762160119728664,0.0,0.0,0.08762160119728664
bm25_stem,native_model,tier,5,hard,40,0.6,0.45,0.7375,0.9375,0.8625,1.0,0.7664583333333332,0.6779166666666667,0.853125,0.4125,0.2625,0.5625,0.5875,0.4375,0.7375,0.7,0.5625,0.8375,0.4900347222222223,0.3513428819444445,0.6296232638888888,0.5092265003734358,0.38045584299183277,0.6379058318065444,0.425,0.275,0.575,0.6125,0.4625,0.7503124999999955,0.7,0.5625,0.8375,0.5875,0.4375,0.7375,0.0,0.0,0.08762160119728664,0.325,0.2,0.4625,0.075,0.025836025774588198,0.19864233524310543
bm25_stem,native_model,tier,5,random,40,0.7625,0.65,0.8625,0.9625,0.9125,1.0,0.8622916666666667,0.7929166666666665,0.9254166666666667,0.4375,0.3,0.5875,0.65,0.5,0.7875,0.725,0.5875,0.85,0.5231746031746032,0.3909176587301587,0.6558503224206349,0.5420379395426522,0.41667135125961213,0.6669262565341143,0.4875,0.35,0.6375,0.625,0.475,0.7625,0.7625,0.65,0.8625,0.6625,0.5125,0.8,0.0,0.0,0.08762160119728664,0.0,0.0,0.08762160119728664,0.2375,0.1375,0.35
bm25_stem,native_model,tier,165,hard,40,0.225,0.12316091323540743,0.37503096742310027,0.375,0.24222979167233266,0.5296756086269889,0.3444185664988805,0.23048107644111704,0.468108173320348,0.15,0.07061187717320358,0.2907232436648971,0.3,0.18074845229746528,0.45430018818144935,0.4,0.2634832568429192,0.5540410633965381,0.21375000000000002,0.10833333333333332,0.32999999999999996,0.24565733749402904,0.136478963906717,0.3617597755497586,0.15,0.07061187717320358,0.2907232436648971,0.35,0.2213452887317629,0.5049411916274231,0.3,0.18074845229746528,0.45430018818144935,0.3,0.18074845229746528,0.45430018818144935,0.0,0.0,0.08762160119728664,0.05,0.013820667386148344,0.16503877369140962,0.725,0.5716504419378943,0.8389198375233267
bm25_stem,native_model,tier,165,random,40,0.225,0.12316091323540743,0.37503096742310027,0.375,0.24222979167233266,0.5296756086269889,0.3444185664988805,0.23048107644111704,0.468108173320348,0.15,0.07061187717320358,0.2907232436648971,0.3,0.18074845229746528,0.45430018818144935,0.4,0.2634832568429192,0.5540410633965381,0.21375000000000002,0.10833333333333332,0.32999999999999996,0.24565733749402904,0.136478963906717,0.3617597755497586,0.15,0.07061187717320358,0.2907232436648971,0.35,0.2213452887317629,0.5049411916274231,0.3,0.18074845229746528,0.45430018818144935,0.3,0.18074845229746528,0.45430018818144935,0.0,0.0,0.08762160119728664,0.05,0.013820667386148344,0.16503877369140962,0.725,0.5716504419378943,0.8389198375233267
bm25_stem,native_model,vehicle,1,,37,1.0,0.9059421741627975,1.0,1.0,0.9059421741627975,1.0,1.0,0.9059421741627975,1.0,0.5135135135135135,0.358948966656188,0.6655359569698336,0.7297297297297297,0.5702183167528573,0.8460253848895091,0.8108108108108109,0.6579530307016159,0.9052002126968799,0.5915165165165166,0.450823948948949,0.7292792792792792,0.6190977697654212,0.4902899380445417,0.7410405998339327,0.5675675675675675,0.4091418109016808,0.7132828072284269,0.7027027027027027,0.5421686408886435,0.8251052135016799,1.0,0.9059421741627975,1.0,0.7297297297297297,0.5702183167528573,0.8460253848895091,0.0,0.0,0.09405782583720251,0.0,0.0,0.09405782583720251,0.0,0.0,0.09405782583720251
bm25_stem,native_model,vehicle,2,,3,1.0,0.4385029682449546,1.0,1.0,0.4385029682449546,1.0,1.0,0.4385029682449546,1.0,0.6666666666666666,0.2076596008020477,0.9385080552796037,0.6666666666666666,0.2076596008020477,0.9385080552796037,0.6666666666666666,0.2076596008020477,0.9385080552796037,0.6666666666666666,0.2076596008020477,0.9385080552796037,0.6666666666666666,0.2076596008020477,0.9385080552796037,0.6666666666666666,0.2076596008020477,0.9385080552796037,0.6666666666666666,0.2076596008020477,0.9385080552796037,1.0,0.4385029682449546,1.0,0.6666666666666666,0.2076596008020477,0.9385080552796037,0.0,5.551115123125783e-17,0.5614970317550454,0.0,5.551115123125783e-17,0.5614970317550454,0.0,5.551115123125783e-17,0.5614970317550454
bm25_stem,native_plain,global,165,,40,0.225,0.12316091323540743,0.37503096742310027,0.3,0.18074845229746528,0.45430018818144935,0.3087993249568795,0.19131863828507567,0.4353338837292332,0.2,0.10499989725437704,0.347573063463995,0.25,0.14187118639096302,0.40193961420768026,0.35,0.2213452887317629,0.5049411916274231,0.23041666666666666,0.113125,0.3587552083333333,0.2403441564577295,0.12798160804928396,0.36193173204618556,0.225,0.12316091323540743,0.37503096742310027,0.3,0.18074845229746528,0.45430018818144935,0.275,0.16108016247667337,0.42834955806210573,0.25,0.14187118639096302,0.40193961420768026,0.0,0.0,0.08762160119728664,0.05,0.013820667386148344,0.16503877369140962,0.725,0.5716504419378943,0.8389198375233267
bm25_stem,native_plain,manual,1,,40,1.0,0.9123783988027135,1.0,1.0,0.9123783988027135,1.0,1.0,0.9123783988027135,1.0,0.6,0.44595893660346186,0.7365167431570808,0.775,0.6249690325768998,0.8768390867645927,0.8,0.652426936536005,0.895000102745623,0.6652777777777777,0.5298611111111111,0.79375,0.6852424730459286,0.5573004474523283,0.8051714047992352,0.65,0.49505880837257693,0.7786547112682372,0.825,0.6805000966821229,0.9125458625396408,1.0,0.9123783988027135,1.0,0.775,0.6249690325768998,0.8768390867645927,0.0,0.0,0.08762160119728664,0.0,0.0,0.08762160119728664,0.0,0.0,0.08762160119728664
bm25_stem,native_plain,tier,1,hard,40,1.0,0.9123783988027135,1.0,1.0,0.9123783988027135,1.0,1.0,0.9123783988027135,1.0,0.6,0.44595893660346186,0.7365167431570808,0.775,0.6249690325768998,0.8768390867645927,0.8,0.652426936536005,0.895000102745623,0.6652777777777777,0.5298611111111111,0.79375,0.6852424730459286,0.5573004474523283,0.8051714047992352,0.65,0.49505880837257693,0.7786547112682372,0.825,0.6805000966821229,0.9125458625396408,1.0,0.9123783988027135,1.0,0.775,0.6249690325768998,0.8768390867645927,0.0,0.0,0.08762160119728664,0.0,0.0,0.08762160119728664,0.0,0.0,0.08762160119728664
bm25_stem,native_plain,tier,1,random,40,1.0,0.9123783988027135,1.0,1.0,0.9123783988027135,1.0,1.0,0.9123783988027135,1.0,0.6,0.44595893660346186,0.7365167431570808,0.775,0.6249690325768998,0.8768390867645927,0.8,0.652426936536005,0.895000102745623,0.6652777777777777,0.5298611111111111,0.79375,0.6852424730459286,0.5573004474523283,0.8051714047992352,0.65,0.49505880837257693,0.7786547112682372,0.825,0.6805000966821229,0.9125458625396408,1.0,0.9123783988027135,1.0,0.775,0.6249690325768998,0.8768390867645927,0.0,0.0,0.08762160119728664,0.0,0.0,0.08762160119728664,0.0,0.0,0.08762160119728664
bm25_stem,native_plain,tier,5,hard,40,0.4875,0.3375,0.6375,0.9125,0.8125,0.9875,0.701875,0.6104166666666666,0.7914583333333333,0.425,0.275,0.575,0.6625,0.5125,0.8,0.7625,0.625,0.8875,0.5129662698412698,0.3788550347222222,0.6479673859126981,0.543158619902431,0.4218670368181449,0.6654112200719001,0.45,0.3,0.6,0.6875,0.5375,0.825,0.5875,0.4375,0.7375,0.675,0.525,0.8125,0.0,0.0,0.08762160119728664,0.3875,0.25,0.5375,0.125,0.05459500250945401,0.261121198388511
bm25_stem,native_plain,tier,5,random,40,0.6625,0.5375,0.7875,0.9375,0.8875,0.9875,0.8012499999999999,0.721875,0.8754166666666666,0.45,0.3125,0.5875,0.675,0.5375,0.8125,0.725,0.5875,0.85,0.5341815476190476,0.40511904761904755,0.6638712797619047,0.5567308135226124,0.4349198751533848,0.676780027744569,0.5,0.3625,0.6375,0.675,0.5375,0.8,0.6625,0.5375,0.7875,0.6875,0.55,0.825,0.0,0.0,0.08762160119728664,0.0,0.0,0.08762160119728664,0.3375,0.2125,0.4625
bm25_stem,native_plain,tier,165,hard,40,0.225,0.12316091323540743,0.37503096742310027,0.3,0.18074845229746528,0.45430018818144935,0.3087993249568795,0.19131863828507567,0.4353338837292332,0.2,0.10499989725437704,0.347573063463995,0.25,0.14187118639096302,0.40193961420768026,0.35,0.2213452887317629,0.5049411916274231,0.23041666666666666,0.113125,0.3587552083333333,0.2403441564577295,0.12798160804928396,0.36193173204618556,0.225,0.12316091323540743,0.37503096742310027,0.3,0.18074845229746528,0.45430018818144935,0.275,0.16108016247667337,0.42834955806210573,0.25,0.14187118639096302,0.40193961420768026,0.0,0.0,0.08762160119728664,0.05,0.013820667386148344,0.16503877369140962,0.725,0.5716504419378943,0.8389198375233267
bm25_stem,native_plain,tier,165,random,40,0.225,0.12316091323540743,0.37503096742310027,0.3,0.18074845229746528,0.45430018818144935,0.3087993249568795,0.19131863828507567,0.4353338837292332,0.2,0.10499989725437704,0.347573063463995,0.25,0.14187118639096302,0.40193961420768026,0.35,0.2213452887317629,0.5049411916274231,0.23041666666666666,0.113125,0.3587552083333333,0.2403441564577295,0.12798160804928396,0.36193173204618556,0.225,0.12316091323540743,0.37503096742310027,0.3,0.18074845229746528,0.45430018818144935,0.275,0.16108016247667337,0.42834955806210573,0.25,0.14187118639096302,0.40193961420768026,0.0,0.0,0.08762160119728664,0.05,0.013820667386148344,0.16503877369140962,0.725,0.5716504419378943,0.8389198375233267
bm25_stem,native_plain,vehicle,1,,37,1.0,0.9059421741627975,1.0,1.0,0.9059421741627975,1.0,1.0,0.9059421741627975,1.0,0.5945945945945946,0.43485964730229365,0.7365348180798572,0.7837837837837838,0.6280485160803084,0.8861348800661442,0.8108108108108109,0.6579530307016159,0.9052002126968799,0.6651651651651651,0.5262762762762763,0.7965465465465466,0.6867486195091119,0.5545242859676836,0.807390067265868,0.6486486486486487,0.4875902312255084,0.7817439286607287,0.8378378378378378,0.6886351629906503,0.9234879276598885,1.0,0.9059421741627975,1.0,0.7837837837837838,0.6280485160803084,0.8861348800661442,0.0,0.0,0.09405782583720251,0.0,0.0,0.09405782583720251,0.0,0.0,0.09405782583720251
bm25_stem,native_plain,vehicle,2,,3,1.0,0.4385029682449546,1.0,1.0,0.4385029682449546,1.0,1.0,0.4385029682449546,1.0,0.6666666666666666,0.2076596008020477,0.9385080552796037,0.6666666666666666,0.2076596008020477,0.9385080552796037,0.6666666666666666,0.2076596008020477,0.9385080552796037,0.6666666666666666,0.2076596008020477,0.9385080552796037,0.6666666666666666,0.2076596008020477,0.9385080552796037,0.6666666666666666,0.2076596008020477,0.9385080552796037,0.6666666666666666,0.2076596008020477,0.9385080552796037,1.0,0.4385029682449546,1.0,0.6666666666666666,0.2076596008020477,0.9385080552796037,0.0,5.551115123125783e-17,0.5614970317550454,0.0,5.551115123125783e-17,0.5614970317550454,0.0,5.551115123125783e-17,0.5614970317550454
doc_router(bm25),native_model,global,165,,40,0.25,0.14187118639096302,0.40193961420768026,0.45,0.3070530781090492,0.6017090820106794,0.3375,0.2125,0.4708333333333334,0.15,0.07061187717320358,0.2907232436648971,0.35,0.2213452887317629,0.5049411916274231,0.4,0.2634832568429192,0.5540410633965381,0.22694444444444445,0.12291319444444448,0.34292013888888884,0.2534593495330534,0.14729590763770464,0.3688828042130428,0.175,0.0874541374603592,0.31949990331787714,0.375,0.24222979167233266,0.5296756086269889,0.3,0.18074845229746528,0.45430018818144935,0.375,0.24222979167233266,0.5296756086269889,0.0,0.0,0.08762160119728664,0.05,0.013820667386148344,0.16503877369140962,0.7,0.5456998118185507,0.8192515477025347
doc_router(bm25),native_model,manual,1,,40,1.0,0.9123783988027135,1.0,1.0,0.9123783988027135,1.0,1.0,0.9123783988027135,1.0,0.575,0.42195068541991065,0.7149060744004962,0.775,0.6249690325768998,0.8768390867645927,0.8,0.652426936536005,0.895000102745623,0.6535714285714286,0.51875,0.7833333333333333,0.669632247154774,0.5427356710439514,0.7897531062297987,0.6,0.44595893660346186,0.7365167431570808,0.775,0.6249690325768998,0.8768390867645927,1.0,0.9123783988027135,1.0,0.775,0.6249690325768998,0.8768390867645927,0.0,0.0,0.08762160119728664,0.0,0.0,0.08762160119728664,0.0,0.0,0.08762160119728664
doc_router(bm25),native_model,tier,1,hard,40,1.0,0.9123783988027135,1.0,1.0,0.9123783988027135,1.0,1.0,0.9123783988027135,1.0,0.575,0.42195068541991065,0.7149060744004962,0.775,0.6249690325768998,0.8768390867645927,0.8,0.652426936536005,0.895000102745623,0.6535714285714286,0.51875,0.7833333333333333,0.669632247154774,0.5427356710439514,0.7897531062297987,0.6,0.44595893660346186,0.7365167431570808,0.775,0.6249690325768998,0.8768390867645927,1.0,0.9123783988027135,1.0,0.775,0.6249690325768998,0.8768390867645927,0.0,0.0,0.08762160119728664,0.0,0.0,0.08762160119728664,0.0,0.0,0.08762160119728664
doc_router(bm25),native_model,tier,1,random,40,1.0,0.9123783988027135,1.0,1.0,0.9123783988027135,1.0,1.0,0.9123783988027135,1.0,0.575,0.42195068541991065,0.7149060744004962,0.775,0.6249690325768998,0.8768390867645927,0.8,0.652426936536005,0.895000102745623,0.6535714285714286,0.51875,0.7833333333333333,0.669632247154774,0.5427356710439514,0.7897531062297987,0.6,0.44595893660346186,0.7365167431570808,0.775,0.6249690325768998,0.8768390867645927,1.0,0.9123783988027135,1.0,0.775,0.6249690325768998,0.8768390867645927,0.0,0.0,0.08762160119728664,0.0,0.0,0.08762160119728664,0.0,0.0,0.08762160119728664
doc_router(bm25),native_model,tier,5,hard,40,0.675,0.5375,0.8125,0.9625,0.9,1.0,0.8041666666666666,0.7125,0.8916666666666666,0.4625,0.3125,0.6125,0.65,0.49505880837257693,0.7786547112682372,0.7375,0.6,0.8625,0.5478621031746032,0.409570560515873,0.6837611607142856,0.570496207717339,0.44245989118549894,0.6956242449112935,0.4875,0.3375,0.6375,0.675,0.5201774618987768,0.799154977682173,0.75,0.6125,0.875,0.6625,0.5125,0.8,0.0,0.0,0.08762160119728664,0.25,0.125,0.3875,0.075,0.025836025774588198,0.19864233524310543
doc_router(bm25),native_model,tier,5,random,40,0.725,0.6,0.8375,0.975,0.8711863103652591,0.9955731684973186,0.8416666666666666,0.7625,0.9125,0.4625,0.3125,0.6125,0.7,0.5625,0.825,0.75,0.6125,0.875,0.5577430555555555,0.4251354166666667,0.6893098958333334,0.580938089079737,0.45584092016817185,0.703565005237903,0.4875,0.3375,0.6375,0.7,0.5625,0.825,0.725,0.6,0.8375,0.7125,0.575,0.8375,0.0,0.0,0.08762160119728664,0.0,0.0,0.08762160119728664,0.275,0.1625,0.4
doc_router(bm25),native_model,tier,165,hard,40,0.25,0.14187118639096302,0.40193961420768026,0.45,0.3070530781090492,0.6017090820106794,0.3375,0.2125,0.4708333333333334,0.15,0.07061187717320358,0.2907232436648971,0.35,0.2213452887317629,0.5049411916274231,0.4,0.2634832568429192,0.5540410633965381,0.22694444444444445,0.12291319444444448,0.34292013888888884,0.2534593495330534,0.14729590763770464,0.3688828042130428,0.175,0.0874541374603592,0.31949990331787714,0.375,0.24222979167233266,0.5296756086269889,0.3,0.18074845229746528,0.45430018818144935,0.375,0.24222979167233266,0.5296756086269889,0.0,0.0,0.08762160119728664,0.05,0.013820667386148344,0.16503877369140962,0.7,0.5456998118185507,0.8192515477025347
doc_router(bm25),native_model,tier,165,random,40,0.25,0.14187118639096302,0.40193961420768026,0.45,0.3070530781090492,0.6017090820106794,0.3375,0.2125,0.4708333333333334,0.15,0.07061187717320358,0.2907232436648971,0.35,0.2213452887317629,0.5049411916274231,0.4,0.2634832568429192,0.5540410633965381,0.22694444444444445,0.12291319444444448,0.34292013888888884,0.2534593495330534,0.14729590763770464,0.3688828042130428,0.175,0.0874541374603592,0.31949990331787714,0.375,0.24222979167233266,0.5296756086269889,0.3,0.18074845229746528,0.45430018818144935,0.375,0.24222979167233266,0.5296756086269889,0.0,0.0,0.08762160119728664,0.05,0.013820667386148344,0.16503877369140962,0.7,0.5456998118185507,0.8192515477025347
doc_router(bm25),native_model,vehicle,1,,37,1.0,0.9059421741627975,1.0,1.0,0.9059421741627975,1.0,1.0,0.9059421741627975,1.0,0.5675675675675675,0.4091418109016808,0.7132828072284269,0.7567567567567568,0.5988270787855735,0.8663864701088361,0.7837837837837838,0.6280485160803084,0.8861348800661442,0.6457528957528957,0.5045045045045045,0.7786357786357787,0.6627357233410368,0.5293476892740787,0.7844370723687694,0.5945945945945946,0.43485964730229365,0.7365348180798572,0.7567567567567568,0.5988270787855735,0.8663864701088361,1.0,0.9059421741627975,1.0,0.7567567567567568,0.5988270787855735,0.8663864701088361,0.0,0.0,0.09405782583720251,0.0,0.0,0.09405782583720251,0.0,0.0,0.09405782583720251
doc_router(bm25),native_model,vehicle,2,,3,1.0,0.4385029682449546,1.0,1.0,0.4385029682449546,1.0,1.0,0.4385029682449546,1.0,0.6666666666666666,0.2076596008020477,0.9385080552796037,1.0,0.4385029682449546,1.0,1.0,0.4385029682449546,1.0,0.75,0.25,1.0,0.7546893741908637,0.2640681225725909,1.0,0.6666666666666666,0.2076596008020477,0.9385080552796037,1.0,0.4385029682449546,1.0,1.0,0.4385029682449546,1.0,1.0,0.4385029682449546,1.0,0.0,5.551115123125783e-17,0.5614970317550454,0.0,5.551115123125783e-17,0.5614970317550454,0.0,5.551115123125783e-17,0.5614970317550454
doc_router(bm25),native_plain,global,165,,40,0.175,0.0874541374603592,0.31949990331787714,0.325,0.200845022317827,0.47982253810122333,0.24166666666666664,0.12916666666666665,0.36666666666666664,0.15,0.07061187717320358,0.2907232436648971,0.275,0.16108016247667337,0.42834955806210573,0.325,0.200845022317827,0.47982253810122333,0.19986111111111113,0.09735763888888892,0.31750694444444433,0.21459117258112262,0.11277192557305805,0.3298774886155444,0.15,0.07061187717320358,0.2907232436648971,0.3,0.18074845229746528,0.45430018818144935,0.25,0.14187118639096302,0.40193961420768026,0.3,0.18074845229746528,0.45430018818144935,0.0,0.0,0.08762160119728664,0.1,0.03957952868260638,0.23051775227522298,0.725,0.5716504419378943,0.8389198375233267
doc_router(bm25),native_plain,manual,1,,40,1.0,0.9123783988027135,1.0,1.0,0.9123783988027135,1.0,1.0,0.9123783988027135,1.0,0.525,0.3749736210669248,0.670645298873211,0.8,0.652426936536005,0.895000102745623,0.85,0.709276756335103,0.9293881228267964,0.6373214285714285,0.5098125,0.7634032738095237,0.6800047763943228,0.5627645597742814,0.7935245871283435,0.55,0.39829091798932054,0.6929469218909508,0.85,0.709276756335103,0.9293881228267964,1.0,0.9123783988027135,1.0,0.8,0.652426936536005,0.895000102745623,0.0,0.0,0.08762160119728664,0.0,0.0,0.08762160119728664,0.0,0.0,0.08762160119728664
doc_router(bm25),native_plain,tier,1,hard,40,1.0,0.9123783988027135,1.0,1.0,0.9123783988027135,1.0,1.0,0.9123783988027135,1.0,0.525,0.3749736210669248,0.670645298873211,0.8,0.652426936536005,0.895000102745623,0.85,0.709276756335103,0.9293881228267964,0.6373214285714285,0.5098125,0.7634032738095237,0.6800047763943228,0.5627645597742814,0.7935245871283435,0.55,0.39829091798932054,0.6929469218909508,0.85,0.709276756335103,0.9293881228267964,1.0,0.9123783988027135,1.0,0.8,0.652426936536005,0.895000102745623,0.0,0.0,0.08762160119728664,0.0,0.0,0.08762160119728664,0.0,0.0,0.08762160119728664
doc_router(bm25),native_plain,tier,1,random,40,1.0,0.9123783988027135,1.0,1.0,0.9123783988027135,1.0,1.0,0.9123783988027135,1.0,0.525,0.3749736210669248,0.670645298873211,0.8,0.652426936536005,0.895000102745623,0.85,0.709276756335103,0.9293881228267964,0.6373214285714285,0.5098125,0.7634032738095237,0.6800047763943228,0.5627645597742814,0.7935245871283435,0.55,0.39829091798932054,0.6929469218909508,0.85,0.709276756335103,0.9293881228267964,1.0,0.9123783988027135,1.0,0.8,0.652426936536005,0.895000102745623,0.0,0.0,0.08762160119728664,0.0,0.0,0.08762160119728664,0.0,0.0,0.08762160119728664
doc_router(bm25),native_plain,tier,5,hard,40,0.5125,0.3625,0.6625,0.9375,0.8625,0.9875,0.7,0.6020833333333333,0.79375,0.4,0.25,0.55,0.6125,0.4625,0.7625,0.7375,0.6,0.8625,0.507782738095238,0.3781930803571429,0.6392890625,0.5424067473244002,0.4225922585277416,0.6638808759771697,0.4,0.25,0.55,0.6375,0.4875,0.7875,0.65,0.5125,0.775,0.625,0.475,0.775,0.0,0.0,0.08762160119728664,0.3875,0.25,0.5375,0.1,0.03957952868260638,0.23051775227522298
doc_router(bm25),native_plain,tier,5,random,40,0.6625,0.5375,0.7875,0.9625,0.9,1.0,0.8041666666666666,0.7208333333333333,0.8791666666666667,0.4125,0.2746875000000028,0.5625,0.7,0.575,0.825,0.75,0.625,0.875,0.5237847222222222,0.3979157986111111,0.6521953125,0.5579585835368963,0.439697034397815,0.6769896175377218,0.4375,0.3,0.5875,0.7375,0.6125,0.85,0.6625,0.5375,0.7875,0.7125,0.5875,0.8375,0.0,0.0,0.08762160119728664,0.0,0.0,0.08762160119728664,0.3375,0.2125,0.4625
doc_router(bm25),native_plain,tier,165,hard,40,0.175,0.0874541374603592,0.31949990331787714,0.325,0.200845022317827,0.47982253810122333,0.24166666666666664,0.12916666666666665,0.36666666666666664,0.15,0.07061187717320358,0.2907232436648971,0.275,0.16108016247667337,0.42834955806210573,0.325,0.200845022317827,0.47982253810122333,0.19986111111111113,0.09735763888888892,0.31750694444444433,0.21459117258112262,0.11277192557305805,0.3298774886155444,0.15,0.07061187717320358,0.2907232436648971,0.3,0.18074845229746528,0.45430018818144935,0.25,0.14187118639096302,0.40193961420768026,0.3,0.18074845229746528,0.45430018818144935,0.0,0.0,0.08762160119728664,0.1,0.03957952868260638,0.23051775227522298,0.725,0.5716504419378943,0.8389198375233267
doc_router(bm25),native_plain,tier,165,random,40,0.175,0.0874541374603592,0.31949990331787714,0.325,0.200845022317827,0.47982253810122333,0.24166666666666664,0.12916666666666665,0.36666666666666664,0.15,0.07061187717320358,0.2907232436648971,0.275,0.16108016247667337,0.42834955806210573,0.325,0.200845022317827,0.47982253810122333,0.19986111111111113,0.09735763888888892,0.31750694444444433,0.21459117258112262,0.11277192557305805,0.3298774886155444,0.15,0.07061187717320358,0.2907232436648971,0.3,0.18074845229746528,0.45430018818144935,0.25,0.14187118639096302,0.40193961420768026,0.3,0.18074845229746528,0.45430018818144935,0.0,0.0,0.08762160119728664,0.1,0.03957952868260638,0.23051775227522298,0.725,0.5716504419378943,0.8389198375233267
doc_router(bm25),native_plain,vehicle,1,,37,1.0,0.9059421741627975,1.0,1.0,0.9059421741627975,1.0,1.0,0.9059421741627975,1.0,0.5135135135135135,0.358948966656188,0.6655359569698336,0.7837837837837838,0.6280485160803084,0.8861348800661442,0.8378378378378378,0.6886351629906503,0.9234879276598885,0.6281853281853281,0.4916988416988417,0.7567631917631917,0.6739492684648736,0.5482553031945411,0.7887241897291255,0.5405405405405406,0.3838404689217949,0.6896143019562697,0.8378378378378378,0.6886351629906503,0.9234879276598885,1.0,0.9059421741627975,1.0,0.7837837837837838,0.6280485160803084,0.8861348800661442,0.0,0.0,0.09405782583720251,0.0,0.0,0.09405782583720251,0.0,0.0,0.09405782583720251
doc_router(bm25),native_plain,vehicle,2,,3,1.0,0.4385029682449546,1.0,1.0,0.4385029682449546,1.0,1.0,0.4385029682449546,1.0,0.6666666666666666,0.2076596008020477,0.9385080552796037,1.0,0.4385029682449546,1.0,1.0,0.4385029682449546,1.0,0.75,0.25,1.0,0.7546893741908637,0.2640681225725909,1.0,0.6666666666666666,0.2076596008020477,0.9385080552796037,1.0,0.4385029682449546,1.0,1.0,0.4385029682449546,1.0,1.0,0.4385029682449546,1.0,0.0,5.551115123125783e-17,0.5614970317550454,0.0,5.551115123125783e-17,0.5614970317550454,0.0,5.551115123125783e-17,0.5614970317550454
name_router(bm25),native_model,global,165,,40,1.0,0.9123783988027135,1.0,1.0,0.9123783988027135,1.0,1.0,0.9123783988027135,1.0,0.575,0.42195068541991065,0.7149060744004962,0.775,0.6249690325768998,0.8768390867645927,0.8,0.652426936536005,0.895000102745623,0.6535714285714286,0.51875,0.7833333333333333,0.669632247154774,0.5427356710439514,0.7897531062297987,0.6,0.44595893660346186,0.7365167431570808,0.775,0.6249690325768998,0.8768390867645927,1.0,0.9123783988027135,1.0,0.775,0.6249690325768998,0.8768390867645927,0.0,0.0,0.08762160119728664,0.0,0.0,0.08762160119728664,0.0,0.0,0.08762160119728664
name_router(bm25),native_model,manual,1,,40,1.0,0.9123783988027135,1.0,1.0,0.9123783988027135,1.0,1.0,0.9123783988027135,1.0,0.575,0.42195068541991065,0.7149060744004962,0.775,0.6249690325768998,0.8768390867645927,0.8,0.652426936536005,0.895000102745623,0.6535714285714286,0.51875,0.7833333333333333,0.669632247154774,0.5427356710439514,0.7897531062297987,0.6,0.44595893660346186,0.7365167431570808,0.775,0.6249690325768998,0.8768390867645927,1.0,0.9123783988027135,1.0,0.775,0.6249690325768998,0.8768390867645927,0.0,0.0,0.08762160119728664,0.0,0.0,0.08762160119728664,0.0,0.0,0.08762160119728664
name_router(bm25),native_model,tier,1,hard,40,1.0,0.9123783988027135,1.0,1.0,0.9123783988027135,1.0,1.0,0.9123783988027135,1.0,0.575,0.42195068541991065,0.7149060744004962,0.775,0.6249690325768998,0.8768390867645927,0.8,0.652426936536005,0.895000102745623,0.6535714285714286,0.51875,0.7833333333333333,0.669632247154774,0.5427356710439514,0.7897531062297987,0.6,0.44595893660346186,0.7365167431570808,0.775,0.6249690325768998,0.8768390867645927,1.0,0.9123783988027135,1.0,0.775,0.6249690325768998,0.8768390867645927,0.0,0.0,0.08762160119728664,0.0,0.0,0.08762160119728664,0.0,0.0,0.08762160119728664
name_router(bm25),native_model,tier,1,random,40,1.0,0.9123783988027135,1.0,1.0,0.9123783988027135,1.0,1.0,0.9123783988027135,1.0,0.575,0.42195068541991065,0.7149060744004962,0.775,0.6249690325768998,0.8768390867645927,0.8,0.652426936536005,0.895000102745623,0.6535714285714286,0.51875,0.7833333333333333,0.669632247154774,0.5427356710439514,0.7897531062297987,0.6,0.44595893660346186,0.7365167431570808,0.775,0.6249690325768998,0.8768390867645927,1.0,0.9123783988027135,1.0,0.775,0.6249690325768998,0.8768390867645927,0.0,0.0,0.08762160119728664,0.0,0.0,0.08762160119728664,0.0,0.0,0.08762160119728664
name_router(bm25),native_model,tier,5,hard,40,1.0,0.9123783988027135,1.0,1.0,0.9123783988027135,1.0,1.0,0.9123783988027135,1.0,0.575,0.42195068541991065,0.7149060744004962,0.775,0.6249690325768998,0.8768390867645927,0.8,0.652426936536005,0.895000102745623,0.6535714285714286,0.51875,0.7833333333333333,0.669632247154774,0.5427356710439514,0.7897531062297987,0.6,0.44595893660346186,0.7365167431570808,0.775,0.6249690325768998,0.8768390867645927,1.0,0.9123783988027135,1.0,0.775,0.6249690325768998,0.8768390867645927,0.0,0.0,0.08762160119728664,0.0,0.0,0.08762160119728664,0.0,0.0,0.08762160119728664
name_router(bm25),native_model,tier,5,random,40,1.0,0.9123783988027135,1.0,1.0,0.9123783988027135,1.0,1.0,0.9123783988027135,1.0,0.575,0.42195068541991065,0.7149060744004962,0.775,0.6249690325768998,0.8768390867645927,0.8,0.652426936536005,0.895000102745623,0.6535714285714286,0.51875,0.7833333333333333,0.669632247154774,0.5427356710439514,0.7897531062297987,0.6,0.44595893660346186,0.7365167431570808,0.775,0.6249690325768998,0.8768390867645927,1.0,0.9123783988027135,1.0,0.775,0.6249690325768998,0.8768390867645927,0.0,0.0,0.08762160119728664,0.0,0.0,0.08762160119728664,0.0,0.0,0.08762160119728664
name_router(bm25),native_model,tier,165,hard,40,1.0,0.9123783988027135,1.0,1.0,0.9123783988027135,1.0,1.0,0.9123783988027135,1.0,0.575,0.42195068541991065,0.7149060744004962,0.775,0.6249690325768998,0.8768390867645927,0.8,0.652426936536005,0.895000102745623,0.6535714285714286,0.51875,0.7833333333333333,0.669632247154774,0.5427356710439514,0.7897531062297987,0.6,0.44595893660346186,0.7365167431570808,0.775,0.6249690325768998,0.8768390867645927,1.0,0.9123783988027135,1.0,0.775,0.6249690325768998,0.8768390867645927,0.0,0.0,0.08762160119728664,0.0,0.0,0.08762160119728664,0.0,0.0,0.08762160119728664
name_router(bm25),native_model,tier,165,random,40,1.0,0.9123783988027135,1.0,1.0,0.9123783988027135,1.0,1.0,0.9123783988027135,1.0,0.575,0.42195068541991065,0.7149060744004962,0.775,0.6249690325768998,0.8768390867645927,0.8,0.652426936536005,0.895000102745623,0.6535714285714286,0.51875,0.7833333333333333,0.669632247154774,0.5427356710439514,0.7897531062297987,0.6,0.44595893660346186,0.7365167431570808,0.775,0.6249690325768998,0.8768390867645927,1.0,0.9123783988027135,1.0,0.775,0.6249690325768998,0.8768390867645927,0.0,0.0,0.08762160119728664,0.0,0.0,0.08762160119728664,0.0,0.0,0.08762160119728664
name_router(bm25),native_model,vehicle,1,,37,1.0,0.9059421741627975,1.0,1.0,0.9059421741627975,1.0,1.0,0.9059421741627975,1.0,0.5675675675675675,0.4091418109016808,0.7132828072284269,0.7567567567567568,0.5988270787855735,0.8663864701088361,0.7837837837837838,0.6280485160803084,0.8861348800661442,0.6457528957528957,0.5045045045045045,0.7786357786357787,0.6627357233410368,0.5293476892740787,0.7844370723687694,0.5945945945945946,0.43485964730229365,0.7365348180798572,0.7567567567567568,0.5988270787855735,0.8663864701088361,1.0,0.9059421741627975,1.0,0.7567567567567568,0.5988270787855735,0.8663864701088361,0.0,0.0,0.09405782583720251,0.0,0.0,0.09405782583720251,0.0,0.0,0.09405782583720251
name_router(bm25),native_model,vehicle,2,,3,1.0,0.4385029682449546,1.0,1.0,0.4385029682449546,1.0,1.0,0.4385029682449546,1.0,0.6666666666666666,0.2076596008020477,0.9385080552796037,1.0,0.4385029682449546,1.0,1.0,0.4385029682449546,1.0,0.75,0.25,1.0,0.7546893741908637,0.2640681225725909,1.0,0.6666666666666666,0.2076596008020477,0.9385080552796037,1.0,0.4385029682449546,1.0,1.0,0.4385029682449546,1.0,1.0,0.4385029682449546,1.0,0.0,5.551115123125783e-17,0.5614970317550454,0.0,5.551115123125783e-17,0.5614970317550454,0.0,5.551115123125783e-17,0.5614970317550454
name_router(bm25),native_plain,global,165,,40,0.225,0.12316091323540743,0.37503096742310027,0.325,0.200845022317827,0.47982253810122333,0.3187064148238684,0.20420404571626027,0.44441042915169754,0.175,0.0874541374603592,0.31949990331787714,0.35,0.2213452887317629,0.5049411916274231,0.4,0.2634832568429192,0.5540410633965381,0.23125,0.12250000000000001,0.3516666666666667,0.255236560936034,0.14697295194239918,0.3718248858272231,0.2,0.10499989725437704,0.347573063463995,0.375,0.24222979167233266,0.5296756086269889,0.275,0.16108016247667337,0.42834955806210573,0.35,0.2213452887317629,0.5049411916274231,0.0,0.0,0.08762160119728664,0.05,0.013820667386148344,0.16503877369140962,0.725,0.5716504419378943,0.8389198375233267
name_router(bm25),native_plain,manual,1,,40,1.0,0.9123783988027135,1.0,1.0,0.9123783988027135,1.0,1.0,0.9123783988027135,1.0,0.525,0.3749736210669248,0.670645298873211,0.8,0.652426936536005,0.895000102745623,0.85,0.709276756335103,0.9293881228267964,0.6373214285714285,0.5098125,0.7634032738095237,0.6800047763943228,0.5627645597742814,0.7935245871283435,0.55,0.39829091798932054,0.6929469218909508,0.85,0.709276756335103,0.9293881228267964,1.0,0.9123783988027135,1.0,0.8,0.652426936536005,0.895000102745623,0.0,0.0,0.08762160119728664,0.0,0.0,0.08762160119728664,0.0,0.0,0.08762160119728664
name_router(bm25),native_plain,tier,1,hard,40,1.0,0.9123783988027135,1.0,1.0,0.9123783988027135,1.0,1.0,0.9123783988027135,1.0,0.525,0.3749736210669248,0.670645298873211,0.8,0.652426936536005,0.895000102745623,0.85,0.709276756335103,0.9293881228267964,0.6373214285714285,0.5098125,0.7634032738095237,0.6800047763943228,0.5627645597742814,0.7935245871283435,0.55,0.39829091798932054,0.6929469218909508,0.85,0.709276756335103,0.9293881228267964,1.0,0.9123783988027135,1.0,0.8,0.652426936536005,0.895000102745623,0.0,0.0,0.08762160119728664,0.0,0.0,0.08762160119728664,0.0,0.0,0.08762160119728664
name_router(bm25),native_plain,tier,1,random,40,1.0,0.9123783988027135,1.0,1.0,0.9123783988027135,1.0,1.0,0.9123783988027135,1.0,0.525,0.3749736210669248,0.670645298873211,0.8,0.652426936536005,0.895000102745623,0.85,0.709276756335103,0.9293881228267964,0.6373214285714285,0.5098125,0.7634032738095237,0.6800047763943228,0.5627645597742814,0.7935245871283435,0.55,0.39829091798932054,0.6929469218909508,0.85,0.709276756335103,0.9293881228267964,1.0,0.9123783988027135,1.0,0.8,0.652426936536005,0.895000102745623,0.0,0.0,0.08762160119728664,0.0,0.0,0.08762160119728664,0.0,0.0,0.08762160119728664
name_router(bm25),native_plain,tier,5,hard,40,0.525,0.375,0.675,0.925,0.8375,0.9875,0.7175,0.6235416666666667,0.809171875,0.4,0.25,0.55,0.6375,0.4875,0.7875,0.775,0.6249690325768998,0.8768390867645927,0.5109424603174603,0.3815217013888889,0.6411065228174604,0.5529157520244752,0.4343215762961118,0.6715326504925372,0.425,0.275,0.575,0.6625,0.525,0.8,0.65,0.5125,0.7875,0.65,0.5125,0.7875,0.0,0.0,0.08762160119728664,0.375,0.2375,0.525,0.1,0.03957952868260638,0.23051775227522298
name_router(bm25),native_plain,tier,5,random,40,0.6625,0.5375,0.7875,0.9625,0.9,1.0,0.8129166666666666,0.7379166666666667,0.8822916666666666,0.4125,0.2746875000000028,0.5625,0.6875,0.5625,0.8125,0.7625,0.6375,0.875,0.5243204365079365,0.39895176091269846,0.6525042162698413,0.5609029004421048,0.44325123454907644,0.6790803327522307,0.4375,0.3,0.5875,0.725,0.6,0.8375,0.6625,0.5375,0.7875,0.7,0.575,0.825,0.0,0.0,0.08762160119728664,0.0,0.0,0.08762160119728664,0.3375,0.2125,0.4625
name_router(bm25),native_plain,tier,165,hard,40,0.225,0.12316091323540743,0.37503096742310027,0.325,0.200845022317827,0.47982253810122333,0.3187064148238684,0.20420404571626027,0.44441042915169754,0.175,0.0874541374603592,0.31949990331787714,0.35,0.2213452887317629,0.5049411916274231,0.4,0.2634832568429192,0.5540410633965381,0.23125,0.12250000000000001,0.3516666666666667,0.255236560936034,0.14697295194239918,0.3718248858272231,0.2,0.10499989725437704,0.347573063463995,0.375,0.24222979167233266,0.5296756086269889,0.275,0.16108016247667337,0.42834955806210573,0.35,0.2213452887317629,0.5049411916274231,0.0,0.0,0.08762160119728664,0.05,0.013820667386148344,0.16503877369140962,0.725,0.5716504419378943,0.8389198375233267
name_router(bm25),native_plain,tier,165,random,40,0.225,0.12316091323540743,0.37503096742310027,0.325,0.200845022317827,0.47982253810122333,0.3187064148238684,0.20420404571626027,0.44441042915169754,0.175,0.0874541374603592,0.31949990331787714,0.35,0.2213452887317629,0.5049411916274231,0.4,0.2634832568429192,0.5540410633965381,0.23125,0.12250000000000001,0.3516666666666667,0.255236560936034,0.14697295194239918,0.3718248858272231,0.2,0.10499989725437704,0.347573063463995,0.375,0.24222979167233266,0.5296756086269889,0.275,0.16108016247667337,0.42834955806210573,0.35,0.2213452887317629,0.5049411916274231,0.0,0.0,0.08762160119728664,0.05,0.013820667386148344,0.16503877369140962,0.725,0.5716504419378943,0.8389198375233267
name_router(bm25),native_plain,vehicle,1,,37,1.0,0.9059421741627975,1.0,1.0,0.9059421741627975,1.0,1.0,0.9059421741627975,1.0,0.5135135135135135,0.358948966656188,0.6655359569698336,0.7837837837837838,0.6280485160803084,0.8861348800661442,0.8378378378378378,0.6886351629906503,0.9234879276598885,0.6281853281853281,0.4916988416988417,0.7567631917631917,0.6739492684648736,0.5482553031945411,0.7887241897291255,0.5405405405405406,0.3838404689217949,0.6896143019562697,0.8378378378378378,0.6886351629906503,0.9234879276598885,1.0,0.9059421741627975,1.0,0.7837837837837838,0.6280485160803084,0.8861348800661442,0.0,0.0,0.09405782583720251,0.0,0.0,0.09405782583720251,0.0,0.0,0.09405782583720251
name_router(bm25),native_plain,vehicle,2,,3,1.0,0.4385029682449546,1.0,1.0,0.4385029682449546,1.0,1.0,0.4385029682449546,1.0,0.6666666666666666,0.2076596008020477,0.9385080552796037,1.0,0.4385029682449546,1.0,1.0,0.4385029682449546,1.0,0.75,0.25,1.0,0.7546893741908637,0.2640681225725909,1.0,0.6666666666666666,0.2076596008020477,0.9385080552796037,1.0,0.4385029682449546,1.0,1.0,0.4385029682449546,1.0,1.0,0.4385029682449546,1.0,0.0,5.551115123125783e-17,0.5614970317550454,0.0,5.551115123125783e-17,0.5614970317550454,0.0,5.551115123125783e-17,0.5614970317550454
"rrf(bm25,bm25_stem)",native_model,global,165,,40,0.225,0.12316091323540743,0.37503096742310027,0.425,0.28509392559950375,0.5780493145800892,0.35785184328914976,0.24527803800946213,0.4802295951973293,0.2,0.10499989725437704,0.347573063463995,0.325,0.200845022317827,0.47982253810122333,0.475,0.329354701126789,0.6250263789330753,0.25467261904761906,0.13996949404761902,0.3775349702380952,0.28807510785725526,0.1755329739879959,0.40761666816846015,0.2,0.10499989725437704,0.347573063463995,0.375,0.24222979167233266,0.5296756086269889,0.3,0.18074845229746528,0.45430018818144935,0.325,0.200845022317827,0.47982253810122333,0.0,0.0,0.08762160119728664,0.075,0.025836025774588198,0.19864233524310543,0.7,0.5456998118185507,0.8192515477025347
"rrf(bm25,bm25_stem)",native_model,manual,1,,40,1.0,0.9123783988027135,1.0,1.0,0.9123783988027135,1.0,1.0,0.9123783988027135,1.0,0.575,0.42195068541991065,0.7149060744004962,0.75,0.5980603857923197,0.858128813609037,0.825,0.6805000966821229,0.9125458625396408,0.6452380952380953,0.5107068452380953,0.7760416666666667,0.6665116981872631,0.5402419211035986,0.7855484014026022,0.6,0.44595893660346186,0.7365167431570808,0.75,0.5980603857923197,0.858128813609037,1.0,0.9123783988027135,1.0,0.75,0.5980603857923197,0.858128813609037,0.0,0.0,0.08762160119728664,0.0,0.0,0.08762160119728664,0.0,0.0,0.08762160119728664
"rrf(bm25,bm25_stem)",native_model,tier,1,hard,40,1.0,0.9123783988027135,1.0,1.0,0.9123783988027135,1.0,1.0,0.9123783988027135,1.0,0.575,0.42195068541991065,0.7149060744004962,0.75,0.5980603857923197,0.858128813609037,0.825,0.6805000966821229,0.9125458625396408,0.6452380952380953,0.5107068452380953,0.7760416666666667,0.6665116981872631,0.5402419211035986,0.7855484014026022,0.6,0.44595893660346186,0.7365167431570808,0.75,0.5980603857923197,0.858128813609037,1.0,0.9123783988027135,1.0,0.75,0.5980603857923197,0.858128813609037,0.0,0.0,0.08762160119728664,0.0,0.0,0.08762160119728664,0.0,0.0,0.08762160119728664
"rrf(bm25,bm25_stem)",native_model,tier,1,random,40,1.0,0.9123783988027135,1.0,1.0,0.9123783988027135,1.0,1.0,0.9123783988027135,1.0,0.575,0.42195068541991065,0.7149060744004962,0.75,0.5980603857923197,0.858128813609037,0.825,0.6805000966821229,0.9125458625396408,0.6452380952380953,0.5107068452380953,0.7760416666666667,0.6665116981872631,0.5402419211035986,0.7855484014026022,0.6,0.44595893660346186,0.7365167431570808,0.75,0.5980603857923197,0.858128813609037,1.0,0.9123783988027135,1.0,0.75,0.5980603857923197,0.858128813609037,0.0,0.0,0.08762160119728664,0.0,0.0,0.08762160119728664,0.0,0.0,0.08762160119728664
"rrf(bm25,bm25_stem)",native_model,tier,5,hard,40,0.625,0.4875,0.7625,0.9375,0.8625,1.0,0.7810416666666666,0.6954166666666667,0.8645833333333333,0.4625,0.3125,0.6125,0.65,0.5,0.8,0.725,0.5716504419378943,0.8389198375233267,0.5344791666666666,0.394546875,0.6720156249999999,0.551610284553373,0.4219330776309353,0.6775109653812155,0.4625,0.3125,0.6125,0.65,0.5,0.7875,0.7375,0.6125,0.8625,0.65,0.5,0.8,0.0,0.0,0.08762160119728664,0.3,0.175,0.4375,0.075,0.025836025774588198,0.19864233524310543
"rrf(bm25,bm25_stem)",native_model,tier,5,random,40,0.7375,0.6125,0.85,0.975,0.9375,1.0,0.8535416666666666,0.78415625,0.9177083333333332,0.4625,0.3125,0.6125,0.6625,0.525,0.8,0.7625,0.6375,0.875,0.5503621031746031,0.41741071428571425,0.6842030009920634,0.5779310776671686,0.456503725812394,0.7012789232550296,0.475,0.325,0.625,0.6625,0.525,0.8,0.7375,0.6125,0.85,0.675,0.5375,0.8125,0.0,0.0,0.08762160119728664,0.0,0.0,0.08762160119728664,0.2625,0.15,0.3875
"rrf(bm25,bm25_stem)",native_model,tier,165,hard,40,0.225,0.12316091323540743,0.37503096742310027,0.425,0.28509392559950375,0.5780493145800892,0.35785184328914976,0.24527803800946213,0.4802295951973293,0.2,0.10499989725437704,0.347573063463995,0.325,0.200845022317827,0.47982253810122333,0.475,0.329354701126789,0.6250263789330753,0.25467261904761906,0.13996949404761902,0.3775349702380952,0.28807510785725526,0.1755329739879959,0.40761666816846015,0.2,0.10499989725437704,0.347573063463995,0.375,0.24222979167233266,0.5296756086269889,0.3,0.18074845229746528,0.45430018818144935,0.325,0.200845022317827,0.47982253810122333,0.0,0.0,0.08762160119728664,0.075,0.025836025774588198,0.19864233524310543,0.7,0.5456998118185507,0.8192515477025347
"rrf(bm25,bm25_stem)",native_model,tier,165,random,40,0.225,0.12316091323540743,0.37503096742310027,0.425,0.28509392559950375,0.5780493145800892,0.35785184328914976,0.24527803800946213,0.4802295951973293,0.2,0.10499989725437704,0.347573063463995,0.325,0.200845022317827,0.47982253810122333,0.475,0.329354701126789,0.6250263789330753,0.25467261904761906,0.13996949404761902,0.3775349702380952,0.28807510785725526,0.1755329739879959,0.40761666816846015,0.2,0.10499989725437704,0.347573063463995,0.375,0.24222979167233266,0.5296756086269889,0.3,0.18074845229746528,0.45430018818144935,0.325,0.200845022317827,0.47982253810122333,0.0,0.0,0.08762160119728664,0.075,0.025836025774588198,0.19864233524310543,0.7,0.5456998118185507,0.8192515477025347
"rrf(bm25,bm25_stem)",native_model,vehicle,1,,37,1.0,0.9059421741627975,1.0,1.0,0.9059421741627975,1.0,1.0,0.9059421741627975,1.0,0.5675675675675675,0.4091418109016808,0.7132828072284269,0.7567567567567568,0.5988270787855735,0.8663864701088361,0.8108108108108109,0.6579530307016159,0.9052002126968799,0.6396396396396395,0.49774774774774777,0.7725225225225225,0.660975284591947,0.528881045136736,0.7818903958977914,0.5945945945945946,0.43485964730229365,0.7365348180798572,0.7567567567567568,0.5988270787855735,0.8663864701088361,1.0,0.9059421741627975,1.0,0.7567567567567568,0.5988270787855735,0.8663864701088361,0.0,0.0,0.09405782583720251,0.0,0.0,0.09405782583720251,0.0,0.0,0.09405782583720251
"rrf(bm25,bm25_stem)",native_model,vehicle,2,,3,1.0,0.4385029682449546,1.0,1.0,0.4385029682449546,1.0,1.0,0.4385029682449546,1.0,0.6666666666666666,0.2076596008020477,0.9385080552796037,0.6666666666666666,0.2076596008020477,0.9385080552796037,1.0,0.4385029682449546,1.0,0.7142857142857143,0.14285714285714285,1.0,0.7347941325294954,0.20438239758848611,1.0,0.6666666666666666,0.2076596008020477,0.9385080552796037,0.6666666666666666,0.2076596008020477,0.9385080552796037,1.0,0.4385029682449546,1.0,0.6666666666666666,0.2076596008020477,0.9385080552796037,0.0,5.551115123125783e-17,0.5614970317550454,0.0,5.551115123125783e-17,0.5614970317550454,0.0,5.551115123125783e-17,0.5614970317550454
"rrf(bm25,bm25_stem)",native_plain,global,165,,40,0.225,0.12316091323540743,0.37503096742310027,0.35,0.2213452887317629,0.5049411916274231,0.32082208696394465,0.2066125622237325,0.44657515088139743,0.2,0.10499989725437704,0.347573063463995,0.3,0.18074845229746528,0.45430018818144935,0.4,0.2634832568429192,0.5540410633965381,0.23860119047619044,0.12424851190476197,0.36446726190476186,0.2583365948462214,0.14594638108366612,0.37908036718701377,0.225,0.12316091323540743,0.37503096742310027,0.35,0.2213452887317629,0.5049411916274231,0.275,0.16108016247667337,0.42834955806210573,0.3,0.18074845229746528,0.45430018818144935,0.0,0.0,0.08762160119728664,0.025,0.0044268315026814095,0.1288136896347409,0.75,0.5980603857923197,0.858128813609037
"rrf(bm25,bm25_stem)",native_plain,manual,1,,40,1.0,0.9123783988027135,1.0,1.0,0.9123783988027135,1.0,1.0,0.9123783988027135,1.0,0.575,0.42195068541991065,0.7149060744004962,0.775,0.6249690325768998,0.8768390867645927,0.85,0.709276756335103,0.9293881228267964,0.6696130952380953,0.5398459821428572,0.7935416666666666,0.7017293907876465,0.5811818768300987,0.8137923608218833,0.6,0.44595893660346186,0.7365167431570808,0.825,0.6805000966821229,0.9125458625396408,1.0,0.9123783988027135,1.0,0.775,0.6249690325768998,0.8768390867645927,0.0,0.0,0.08762160119728664,0.0,0.0,0.08762160119728664,0.0,0.0,0.08762160119728664
"rrf(bm25,bm25_stem)",native_plain,tier,1,hard,40,1.0,0.9123783988027135,1.0,1.0,0.9123783988027135,1.0,1.0,0.9123783988027135,1.0,0.575,0.42195068541991065,0.7149060744004962,0.775,0.6249690325768998,0.8768390867645927,0.85,0.709276756335103,0.9293881228267964,0.6696130952380953,0.5398459821428572,0.7935416666666666,0.7017293907876465,0.5811818768300987,0.8137923608218833,0.6,0.44595893660346186,0.7365167431570808,0.825,0.6805000966821229,0.9125458625396408,1.0,0.9123783988027135,1.0,0.775,0.6249690325768998,0.8768390867645927,0.0,0.0,0.08762160119728664,0.0,0.0,0.08762160119728664,0.0,0.0,0.08762160119728664
"rrf(bm25,bm25_stem)",native_plain,tier,1,random,40,1.0,0.9123783988027135,1.0,1.0,0.9123783988027135,1.0,1.0,0.9123783988027135,1.0,0.575,0.42195068541991065,0.7149060744004962,0.775,0.6249690325768998,0.8768390867645927,0.85,0.709276756335103,0.9293881228267964,0.6696130952380953,0.5398459821428572,0.7935416666666666,0.7017293907876465,0.5811818768300987,0.8137923608218833,0.6,0.44595893660346186,0.7365167431570808,0.825,0.6805000966821229,0.9125458625396408,1.0,0.9123783988027135,1.0,0.775,0.6249690325768998,0.8768390867645927,0.0,0.0,0.08762160119728664,0.0,0.0,0.08762160119728664,0.0,0.0,0.08762160119728664
"rrf(bm25,bm25_stem)",native_plain,tier,5,hard,40,0.5,0.35,0.65,0.9,0.8,0.975,0.7029166666666666,0.607703125,0.795625,0.425,0.275,0.575,0.6875,0.5375,0.825,0.775,0.6249690325768998,0.8768390867645927,0.5245634920634921,0.3937256944444445,0.657204117063492,0.5620246094427064,0.44211222137852796,0.6797302956624374,0.425,0.275,0.575,0.6875,0.5375,0.825,0.6,0.45,0.7375,0.6875,0.5375,0.825,0.0,0.0,0.08762160119728664,0.375,0.2375,0.525,0.125,0.05459500250945401,0.261121198388511
"rrf(bm25,bm25_stem)",native_plain,tier,5,random,40,0.6625,0.5375,0.775,0.9625,0.9125,1.0,0.8081250000000001,0.733125,0.8774999999999998,0.45,0.3125,0.6,0.6875,0.55,0.8125,0.75,0.625,0.8625,0.5452579365079365,0.4153700396825398,0.6741279761904762,0.5740984667683542,0.45358326618704164,0.6921134480080707,0.4625,0.325,0.6125,0.725,0.6,0.85,0.6625,0.5375,0.775,0.7,0.5625,0.825,0.0,0.0,0.08762160119728664,0.0,0.0,0.08762160119728664,0.3375,0.225,0.4625
"rrf(bm25,bm25_stem)",native_plain,tier,165,hard,40,0.225,0.12316091323540743,0.37503096742310027,0.35,0.2213452887317629,0.5049411916274231,0.32082208696394465,0.2066125622237325,0.44657515088139743,0.2,0.10499989725437704,0.347573063463995,0.3,0.18074845229746528,0.45430018818144935,0.4,0.2634832568429192,0.5540410633965381,0.23860119047619044,0.12424851190476197,0.36446726190476186,0.2583365948462214,0.14594638108366612,0.37908036718701377,0.225,0.12316091323540743,0.37503096742310027,0.35,0.2213452887317629,0.5049411916274231,0.275,0.16108016247667337,0.42834955806210573,0.3,0.18074845229746528,0.45430018818144935,0.0,0.0,0.08762160119728664,0.025,0.0044268315026814095,0.1288136896347409,0.75,0.5980603857923197,0.858128813609037
"rrf(bm25,bm25_stem)",native_plain,tier,165,random,40,0.225,0.12316091323540743,0.37503096742310027,0.35,0.2213452887317629,0.5049411916274231,0.32082208696394465,0.2066125622237325,0.44657515088139743,0.2,0.10499989725437704,0.347573063463995,0.3,0.18074845229746528,0.45430018818144935,0.4,0.2634832568429192,0.5540410633965381,0.23860119047619044,0.12424851190476197,0.36446726190476186,0.2583365948462214,0.14594638108366612,0.37908036718701377,0.225,0.12316091323540743,0.37503096742310027,0.35,0.2213452887317629,0.5049411916274231,0.275,0.16108016247667337,0.42834955806210573,0.3,0.18074845229746528,0.45430018818144935,0.0,0.0,0.08762160119728664,0.025,0.0044268315026814095,0.1288136896347409,0.75,0.5980603857923197,0.858128813609037
"rrf(bm25,bm25_stem)",native_plain,vehicle,1,,37,1.0,0.9059421741627975,1.0,1.0,0.9059421741627975,1.0,1.0,0.9059421741627975,1.0,0.5675675675675675,0.4091418109016808,0.7132828072284269,0.7837837837837838,0.6280485160803084,0.8861348800661442,0.8378378378378378,0.6886351629906503,0.9234879276598885,0.665990990990991,0.530625,0.793918918918919,0.6990484657815507,0.573892147100778,0.814789726794337,0.5945945945945946,0.43485964730229365,0.7365348180798572,0.8378378378378378,0.6886351629906503,0.9234879276598885,1.0,0.9059421741627975,1.0,0.7837837837837838,0.6280485160803084,0.8861348800661442,0.0,0.0,0.09405782583720251,0.0,0.0,0.09405782583720251,0.0,0.0,0.09405782583720251
"rrf(bm25,bm25_stem)",native_plain,vehicle,2,,3,1.0,0.4385029682449546,1.0,1.0,0.4385029682449546,1.0,1.0,0.4385029682449546,1.0,0.6666666666666666,0.2076596008020477,0.9385080552796037,0.6666666666666666,0.2076596008020477,0.9385080552796037,1.0,0.4385029682449546,1.0,0.7142857142857143,0.14285714285714285,1.0,0.7347941325294954,0.20438239758848611,1.0,0.6666666666666666,0.2076596008020477,0.9385080552796037,0.6666666666666666,0.2076596008020477,0.9385080552796037,1.0,0.4385029682449546,1.0,0.6666666666666666,0.2076596008020477,0.9385080552796037,0.0,5.551115123125783e-17,0.5614970317550454,0.0,5.551115123125783e-17,0.5614970317550454,0.0,5.551115123125783e-17,0.5614970317550454
